model_name,severity_group,n,accuracy,mean_p_ad,false_positive,false_negative
all__lr__elasticnet,AD_high_MMSE,8,0.75,0.7663858548338579,0,2
all__lr__elasticnet,control,36,0.6388888888888888,0.3980603837813329,13,0
all__lr__elasticnet,early,6,0.8333333333333334,0.816695127399043,0,1
all__lr__elasticnet,late,7,1.0,0.9536611820031774,0,0
all__lr__elasticnet,middle,14,0.7857142857142857,0.7931933172448191,0,3
all__lr__l1,AD_high_MMSE,8,0.875,0.8401292340725842,0,1
all__lr__l1,control,36,0.6111111111111112,0.42316890863689544,14,0
all__lr__l1,early,6,0.8333333333333334,0.7816896577953222,0,1
all__lr__l1,late,7,1.0,0.9659001896811495,0,0
all__lr__l1,middle,14,0.8571428571428571,0.7789584280895056,0,2
all__lr__l2,AD_high_MMSE,8,0.875,0.815944234640416,0,1
all__lr__l2,control,36,0.6666666666666666,0.3681327868083281,12,0
all__lr__l2,early,6,0.8333333333333334,0.8251410054860561,0,1
all__lr__l2,late,7,1.0,0.9286654602437003,0,0
all__lr__l2,middle,14,0.8571428571428571,0.8029723335804996,0,2
all__svc__linear,AD_high_MMSE,8,0.875,0.8469115213810007,0,1
all__svc__linear,control,36,0.5833333333333334,0.44921667230463985,15,0
all__svc__linear,early,6,0.8333333333333334,0.8077768104927104,0,1
all__svc__linear,late,7,1.0,0.9446010347857235,0,0
all__svc__linear,middle,14,0.8571428571428571,0.7790442420646936,0,2
all__svc__poly2,AD_high_MMSE,8,0.875,0.8297794388090376,0,1
all__svc__poly2,control,36,0.6666666666666666,0.401646101965505,12,0
all__svc__poly2,early,6,0.8333333333333334,0.8011374006139668,0,1
all__svc__poly2,late,7,1.0,0.9348267618874955,0,0
all__svc__poly2,middle,14,0.8571428571428571,0.8103416365257992,0,2
all__svc__poly3,AD_high_MMSE,8,0.875,0.8087695682937477,0,1
all__svc__poly3,control,36,0.7222222222222222,0.3859444165836645,10,0
all__svc__poly3,early,6,0.8333333333333334,0.7636305379281039,0,1
all__svc__poly3,late,7,1.0,0.928604626395337,0,0
all__svc__poly3,middle,14,0.8571428571428571,0.8145051217576764,0,2
all__svc__rbf,AD_high_MMSE,8,0.875,0.7811674527499909,0,1
all__svc__rbf,control,36,0.6388888888888888,0.39342615333510056,13,0
all__svc__rbf,early,6,0.8333333333333334,0.7260951234856704,0,1
all__svc__rbf,late,7,1.0,0.9273200850969392,0,0
all__svc__rbf,middle,14,0.8571428571428571,0.7731198111613747,0,2
all__svc__sigmoid,AD_high_MMSE,8,0.875,0.7874672420612627,0,1
all__svc__sigmoid,control,36,0.6666666666666666,0.4140131384806327,12,0
all__svc__sigmoid,early,6,0.8333333333333334,0.7960286058041569,0,1
all__svc__sigmoid,late,7,0.8571428571428571,0.9047204808940549,0,1
all__svc__sigmoid,middle,14,0.8571428571428571,0.7855309428479665,0,2
all_plus_interactions__lr__elasticnet,AD_high_MMSE,8,0.75,0.7579126266497053,0,2
all_plus_interactions__lr__elasticnet,control,36,0.6111111111111112,0.40287038505485084,14,0
all_plus_interactions__lr__elasticnet,early,6,0.8333333333333334,0.8118045391605907,0,1
all_plus_interactions__lr__elasticnet,late,7,1.0,0.9509595345391026,0,0
all_plus_interactions__lr__elasticnet,middle,14,0.9285714285714286,0.8122388143240465,0,1
all_plus_interactions__lr__l1,AD_high_MMSE,8,0.875,0.8629658818603836,0,1
all_plus_interactions__lr__l1,control,36,0.6111111111111112,0.4238543310978111,14,0
all_plus_interactions__lr__l1,early,6,0.8333333333333334,0.7883851466240137,0,1
all_plus_interactions__lr__l1,late,7,1.0,0.9574103154743179,0,0
all_plus_interactions__lr__l1,middle,14,0.8571428571428571,0.7884606868843583,0,2
all_plus_interactions__lr__l2,AD_high_MMSE,8,0.875,0.80356901567536,0,1
all_plus_interactions__lr__l2,control,36,0.6666666666666666,0.34571015728611987,12,0
all_plus_interactions__lr__l2,early,6,0.8333333333333334,0.8067712094611648,0,1
all_plus_interactions__lr__l2,late,7,0.8571428571428571,0.9169114642936808,0,1
all_plus_interactions__lr__l2,middle,14,0.8571428571428571,0.783009510898111,0,2
all_plus_interactions__svc__linear,AD_high_MMSE,8,0.875,0.844053866891906,0,1
all_plus_interactions__svc__linear,control,36,0.6388888888888888,0.4165036391223776,13,0
all_plus_interactions__svc__linear,early,6,0.8333333333333334,0.8041718971460844,0,1
all_plus_interactions__svc__linear,late,7,1.0,0.9259728553657501,0,0
all_plus_interactions__svc__linear,middle,14,0.9285714285714286,0.7788939352551237,0,1
all_plus_interactions__svc__poly2,AD_high_MMSE,8,1.0,0.8312369223013674,0,0
all_plus_interactions__svc__poly2,control,36,0.6666666666666666,0.3885914903710025,12,0
all_plus_interactions__svc__poly2,early,6,0.8333333333333334,0.7976434528900455,0,1
all_plus_interactions__svc__poly2,late,7,1.0,0.9175836319462014,0,0
all_plus_interactions__svc__poly2,middle,14,0.8571428571428571,0.7807046478572826,0,2
all_plus_interactions__svc__poly3,AD_high_MMSE,8,1.0,0.800771811548549,0,0
all_plus_interactions__svc__poly3,control,36,0.6944444444444444,0.37325938099415773,11,0
all_plus_interactions__svc__poly3,early,6,0.8333333333333334,0.7833586700211583,0,1
all_plus_interactions__svc__poly3,late,7,1.0,0.9087177471581984,0,0
all_plus_interactions__svc__poly3,middle,14,0.8571428571428571,0.7686706678627642,0,2
all_plus_interactions__svc__rbf,AD_high_MMSE,8,1.0,0.755136999871763,0,0
all_plus_interactions__svc__rbf,control,36,0.6388888888888888,0.37534798272277237,13,0
all_plus_interactions__svc__rbf,early,6,0.8333333333333334,0.7549991395383661,0,1
all_plus_interactions__svc__rbf,late,7,0.8571428571428571,0.889910516890114,0,1
all_plus_interactions__svc__rbf,middle,14,0.8571428571428571,0.7274438515775212,0,2
all_plus_interactions__svc__sigmoid,AD_high_MMSE,8,0.875,0.7743810173845419,0,1
all_plus_interactions__svc__sigmoid,control,36,0.6666666666666666,0.39585601617874006,12,0
all_plus_interactions__svc__sigmoid,early,6,0.8333333333333334,0.8093097128303692,0,1
all_plus_interactions__svc__sigmoid,late,7,1.0,0.9620550230567085,0,0
all_plus_interactions__svc__sigmoid,middle,14,0.7142857142857143,0.7452807635671339,0,4
early__lr__elasticnet,AD_high_MMSE,8,0.625,0.5568941507959643,0,3
early__lr__elasticnet,control,36,0.6388888888888888,0.4400935551061035,13,0
early__lr__elasticnet,early,6,0.5,0.561445153513364,0,3
early__lr__elasticnet,late,7,1.0,0.7016099388513376,0,0
early__lr__elasticnet,middle,14,0.7857142857142857,0.5943025671481034,0,3
early__lr__l1,AD_high_MMSE,8,0.5,0.4823832527239633,0,4
early__lr__l1,control,36,0.6944444444444444,0.36299208822646734,11,0
early__lr__l1,early,6,0.6666666666666666,0.6462048828444179,0,2
early__lr__l1,late,7,0.8571428571428571,0.797071554198081,0,1
early__lr__l1,middle,14,0.7142857142857143,0.6560406320338376,0,4
early__lr__l2,AD_high_MMSE,8,0.625,0.5273559938865383,0,3
early__lr__l2,control,36,0.6944444444444444,0.3753862719460771,11,0
early__lr__l2,early,6,0.6666666666666666,0.5477192826325136,0,2
early__lr__l2,late,7,1.0,0.7545136315820681,0,0
early__lr__l2,middle,14,0.6428571428571429,0.603163229130337,0,5
early__svc__linear,AD_high_MMSE,8,0.625,0.5298918021363352,0,3
early__svc__linear,control,36,0.5555555555555556,0.44311973095474305,16,0
early__svc__linear,early,6,0.8333333333333334,0.6382933139267204,0,1
early__svc__linear,late,7,1.0,0.7233886151189457,0,0
early__svc__linear,middle,14,0.7857142857142857,0.6217454564754146,0,3
early__svc__poly2,AD_high_MMSE,8,0.625,0.5964568189613514,0,3
early__svc__poly2,control,36,0.6388888888888888,0.3973011729310925,13,0
early__svc__poly2,early,6,0.6666666666666666,0.5589076603575559,0,2
early__svc__poly2,late,7,1.0,0.7854195636772328,0,0
early__svc__poly2,middle,14,0.9285714285714286,0.638320146152293,0,1
early__svc__poly3,AD_high_MMSE,8,0.75,0.5932258162358538,0,2
early__svc__poly3,control,36,0.5833333333333334,0.38132364842403255,15,0
early__svc__poly3,early,6,0.6666666666666666,0.559572330523917,0,2
early__svc__poly3,late,7,1.0,0.785807787829792,0,0
early__svc__poly3,middle,14,0.8571428571428571,0.6459980158350243,0,2
early__svc__rbf,AD_high_MMSE,8,0.75,0.6169645110321778,0,2
early__svc__rbf,control,36,0.6388888888888888,0.38532289688013877,13,0
early__svc__rbf,early,6,0.6666666666666666,0.5746987273181007,0,2
early__svc__rbf,late,7,0.8571428571428571,0.8121431527362671,0,1
early__svc__rbf,middle,14,0.8571428571428571,0.6460668601627064,0,2
early__svc__sigmoid,AD_high_MMSE,8,0.625,0.567370859500891,0,3
early__svc__sigmoid,control,36,0.6666666666666666,0.41550181950245524,12,0
early__svc__sigmoid,early,6,0.6666666666666666,0.5827625119249843,0,2
early__svc__sigmoid,late,7,1.0,0.7637046387902178,0,0
early__svc__sigmoid,middle,14,0.8571428571428571,0.6456767550521777,0,2
early_late__lr__elasticnet,AD_high_MMSE,8,0.625,0.556894778739779,0,3
early_late__lr__elasticnet,control,36,0.6388888888888888,0.44009373561066095,13,0
early_late__lr__elasticnet,early,6,0.5,0.5614450470628343,0,3
early_late__lr__elasticnet,late,7,1.0,0.7016105574207131,0,0
early_late__lr__elasticnet,middle,14,0.7857142857142857,0.5943029767269513,0,3
early_late__lr__l1,AD_high_MMSE,8,0.5,0.5053378790742962,0,4
early_late__lr__l1,control,36,0.5833333333333334,0.4751501190094927,15,0
early_late__lr__l1,early,6,0.5,0.5095826993719864,0,3
early_late__lr__l1,late,7,0.7142857142857143,0.5402603151947163,0,2
early_late__lr__l1,middle,14,0.5,0.5085206224911817,0,7
early_late__lr__l2,AD_high_MMSE,8,0.625,0.5447553912378664,0,3
early_late__lr__l2,control,36,0.6666666666666666,0.3837316609409449,12,0
early_late__lr__l2,early,6,0.6666666666666666,0.5592149933306452,0,2
early_late__lr__l2,late,7,1.0,0.7641557667258047,0,0
early_late__lr__l2,middle,14,0.7142857142857143,0.6147828342542405,0,4
early_late__svc__linear,AD_high_MMSE,8,0.625,0.524455143156502,0,3
early_late__svc__linear,control,36,0.5555555555555556,0.4409332140751144,16,0
early_late__svc__linear,early,6,0.8333333333333334,0.6348607183748042,0,1
early_late__svc__linear,late,7,1.0,0.7190477203146362,0,0
early_late__svc__linear,middle,14,0.7857142857142857,0.6194237767211754,0,3
early_late__svc__poly2,AD_high_MMSE,8,0.625,0.5557932688931132,0,3
early_late__svc__poly2,control,36,0.6111111111111112,0.37581078880596297,14,0
early_late__svc__poly2,early,6,0.6666666666666666,0.5499905363556026,0,2
early_late__svc__poly2,late,7,1.0,0.781751672511579,0,0
early_late__svc__poly2,middle,14,0.8571428571428571,0.6128887765725283,0,2
early_late__svc__poly3,AD_high_MMSE,8,0.625,0.5832137212318564,0,3
early_late__svc__poly3,control,36,0.6111111111111112,0.37599718603577903,14,0
early_late__svc__poly3,early,6,0.6666666666666666,0.5656326358035565,0,2
early_late__svc__poly3,late,7,1.0,0.7877899994097586,0,0
early_late__svc__poly3,middle,14,0.9285714285714286,0.6243460081501079,0,1
early_late__svc__rbf,AD_high_MMSE,8,0.625,0.6062183539625445,0,3
early_late__svc__rbf,control,36,0.6944444444444444,0.3718072231676161,11,0
early_late__svc__rbf,early,6,0.6666666666666666,0.582797026425378,0,2
early_late__svc__rbf,late,7,0.8571428571428571,0.8215054735813622,0,1
early_late__svc__rbf,middle,14,0.7857142857142857,0.6109693365924382,0,3
early_late__svc__sigmoid,AD_high_MMSE,8,0.625,0.5552594360711371,0,3
early_late__svc__sigmoid,control,36,0.6666666666666666,0.4090214773968005,12,0
early_late__svc__sigmoid,early,6,0.6666666666666666,0.5781129957199779,0,2
early_late__svc__sigmoid,late,7,1.0,0.7526862901205675,0,0
early_late__svc__sigmoid,middle,14,0.8571428571428571,0.6297494242343401,0,2
early_middle__lr__elasticnet,AD_high_MMSE,8,0.75,0.7885138521443505,0,2
early_middle__lr__elasticnet,control,36,0.6111111111111112,0.4216813221875604,14,0
early_middle__lr__elasticnet,early,6,0.8333333333333334,0.8107463252907007,0,1
early_middle__lr__elasticnet,late,7,1.0,0.9623055222561484,0,0
early_middle__lr__elasticnet,middle,14,0.8571428571428571,0.8047413586431104,0,2
early_middle__lr__l1,AD_high_MMSE,8,0.875,0.8502822528244037,0,1
early_middle__lr__l1,control,36,0.6111111111111112,0.4284555792114528,14,0
early_middle__lr__l1,early,6,0.8333333333333334,0.7885494914138539,0,1
early_middle__lr__l1,late,7,1.0,0.9659440771386889,0,0
early_middle__lr__l1,middle,14,0.8571428571428571,0.7792148612271497,0,2
early_middle__lr__l2,AD_high_MMSE,8,0.875,0.8333648668077046,0,1
early_middle__lr__l2,control,36,0.6666666666666666,0.38238615135499576,12,0
early_middle__lr__l2,early,6,0.8333333333333334,0.8256317513331384,0,1
early_middle__lr__l2,late,7,1.0,0.9348723140477299,0,0
early_middle__lr__l2,middle,14,0.9285714285714286,0.8040144843467262,0,1
early_middle__mlp__small,AD_high_MMSE,8,0.75,0.7205312106745198,0,2
early_middle__mlp__small,control,36,0.7222222222222222,0.3484699285977635,10,0
early_middle__mlp__small,early,6,0.6666666666666666,0.6738653982922606,0,2
early_middle__mlp__small,late,7,0.8571428571428571,0.860820130928813,0,1
early_middle__mlp__small,middle,14,0.8571428571428571,0.754336021440675,0,2
early_middle__svc__linear,AD_high_MMSE,8,0.875,0.8549719433288935,0,1
early_middle__svc__linear,control,36,0.5833333333333334,0.4582529628278517,15,0
early_middle__svc__linear,early,6,0.8333333333333334,0.8100557099887787,0,1
early_middle__svc__linear,late,7,1.0,0.948560032304538,0,0
early_middle__svc__linear,middle,14,0.8571428571428571,0.7809798117985703,0,2
early_middle__svc__poly2,AD_high_MMSE,8,0.875,0.846182812287386,0,1
early_middle__svc__poly2,control,36,0.6111111111111112,0.41675970735608486,14,0
early_middle__svc__poly2,early,6,0.8333333333333334,0.797617892111716,0,1
early_middle__svc__poly2,late,7,1.0,0.9424083997883619,0,0
early_middle__svc__poly2,middle,14,0.9285714285714286,0.8160471957639366,0,1
early_middle__svc__poly3,AD_high_MMSE,8,1.0,0.8262630376870056,0,0
early_middle__svc__poly3,control,36,0.75,0.39575077518197566,9,0
early_middle__svc__poly3,early,6,0.8333333333333334,0.7626609065635036,0,1
early_middle__svc__poly3,late,7,1.0,0.9304524430070594,0,0
early_middle__svc__poly3,middle,14,0.9285714285714286,0.8186430405177741,0,1
early_middle__svc__rbf,AD_high_MMSE,8,0.875,0.790189556413535,0,1
early_middle__svc__rbf,control,36,0.6388888888888888,0.40006148599907815,13,0
early_middle__svc__rbf,early,6,0.8333333333333334,0.7263821674041114,0,1
early_middle__svc__rbf,late,7,1.0,0.9275971397611313,0,0
early_middle__svc__rbf,middle,14,0.8571428571428571,0.7779694097339936,0,2
early_middle__svc__sigmoid,AD_high_MMSE,8,0.875,0.8095931974346958,0,1
early_middle__svc__sigmoid,control,36,0.6388888888888888,0.42502290242112933,13,0
early_middle__svc__sigmoid,early,6,0.8333333333333334,0.7988461057778715,0,1
early_middle__svc__sigmoid,late,7,0.8571428571428571,0.9129251991974108,0,1
early_middle__svc__sigmoid,middle,14,0.8571428571428571,0.8027493011688772,0,2
early_middle_scale__lr__elasticnet,AD_high_MMSE,8,0.75,0.7876895076889832,0,2
early_middle_scale__lr__elasticnet,control,36,0.6111111111111112,0.42131672466610864,14,0
early_middle_scale__lr__elasticnet,early,6,0.8333333333333334,0.8106261220797247,0,1
early_middle_scale__lr__elasticnet,late,7,1.0,0.9620432697312903,0,0
early_middle_scale__lr__elasticnet,middle,14,0.8571428571428571,0.8042952067190301,0,2
early_middle_scale__lr__l1,AD_high_MMSE,8,0.875,0.8427943074810909,0,1
early_middle_scale__lr__l1,control,36,0.6111111111111112,0.4290119541777848,14,0
early_middle_scale__lr__l1,early,6,0.8333333333333334,0.7859048675024445,0,1
early_middle_scale__lr__l1,late,7,1.0,0.9659797088750544,0,0
early_middle_scale__lr__l1,middle,14,0.8571428571428571,0.7810441385551827,0,2
early_middle_scale__lr__l2,AD_high_MMSE,8,0.875,0.8395097806528127,0,1
early_middle_scale__lr__l2,control,36,0.6666666666666666,0.37778530578935055,12,0
early_middle_scale__lr__l2,early,6,0.8333333333333334,0.8261869538335773,0,1
early_middle_scale__lr__l2,late,7,0.8571428571428571,0.9237121942112451,0,1
early_middle_scale__lr__l2,middle,14,0.9285714285714286,0.8062765569241703,0,1
early_middle_scale__svc__linear,AD_high_MMSE,8,0.875,0.8467209889090277,0,1
early_middle_scale__svc__linear,control,36,0.5555555555555556,0.4482854808200418,16,0
early_middle_scale__svc__linear,early,6,0.8333333333333334,0.8105942388757477,0,1
early_middle_scale__svc__linear,late,7,1.0,0.940916092056936,0,0
early_middle_scale__svc__linear,middle,14,0.8571428571428571,0.7766347308047147,0,2
early_middle_scale__svc__poly2,AD_high_MMSE,8,0.875,0.8427070195561543,0,1
early_middle_scale__svc__poly2,control,36,0.6388888888888888,0.41115730446921667,13,0
early_middle_scale__svc__poly2,early,6,0.8333333333333334,0.7954895865699366,0,1
early_middle_scale__svc__poly2,late,7,1.0,0.9392866071537014,0,0
early_middle_scale__svc__poly2,middle,14,0.9285714285714286,0.8068440019966844,0,1
early_middle_scale__svc__poly3,AD_high_MMSE,8,1.0,0.8293241896765003,0,0
early_middle_scale__svc__poly3,control,36,0.75,0.39325137694477696,9,0
early_middle_scale__svc__poly3,early,6,0.8333333333333334,0.7602646669102243,0,1
early_middle_scale__svc__poly3,late,7,1.0,0.929481131480879,0,0
early_middle_scale__svc__poly3,middle,14,0.9285714285714286,0.8087290157023327,0,1
early_middle_scale__svc__rbf,AD_high_MMSE,8,0.875,0.7883613896187287,0,1
early_middle_scale__svc__rbf,control,36,0.6111111111111112,0.4023488482344041,14,0
early_middle_scale__svc__rbf,early,6,0.8333333333333334,0.7255873607209993,0,1
early_middle_scale__svc__rbf,late,7,1.0,0.9193616948870903,0,0
early_middle_scale__svc__rbf,middle,14,0.8571428571428571,0.7663453176324128,0,2
early_middle_scale__svc__sigmoid,AD_high_MMSE,8,0.875,0.8013156603951439,0,1
early_middle_scale__svc__sigmoid,control,36,0.6666666666666666,0.42081259602353344,12,0
early_middle_scale__svc__sigmoid,early,6,0.8333333333333334,0.7956533985839874,0,1
early_middle_scale__svc__sigmoid,late,7,0.8571428571428571,0.91359820069416,0,1
early_middle_scale__svc__sigmoid,middle,14,0.8571428571428571,0.7963090551589037,0,2
late__lr__elasticnet,AD_high_MMSE,8,0.75,0.49405368110043774,0,2
late__lr__elasticnet,control,36,0.25,0.4970792284011469,27,0
late__lr__elasticnet,early,6,1.0,0.5295903671427615,0,0
late__lr__elasticnet,late,7,1.0,0.5374702677409509,0,0
late__lr__elasticnet,middle,14,0.7142857142857143,0.5157818783169207,0,4
late__lr__l1,AD_high_MMSE,8,0.125,0.4677874755794988,0,7
late__lr__l1,control,36,0.8333333333333334,0.47330823128000943,6,0
late__lr__l1,early,6,0.16666666666666666,0.5039552137423968,0,5
late__lr__l1,late,7,0.2857142857142857,0.5156889234801288,0,5
late__lr__l1,middle,14,0.2857142857142857,0.4908848002535295,0,10
late__lr__l2,AD_high_MMSE,8,0.125,0.46271229328963864,0,7
late__lr__l2,control,36,0.8333333333333334,0.4679058889723695,6,0
late__lr__l2,early,6,0.3333333333333333,0.516899524507325,0,4
late__lr__l2,late,7,0.2857142857142857,0.5345800894653105,0,5
late__lr__l2,middle,14,0.2857142857142857,0.5005568822199945,0,10
late__svc__linear,AD_high_MMSE,8,0.75,0.49626309626708387,0,2
late__svc__linear,control,36,0.25,0.5042214188959785,27,0
late__svc__linear,early,6,1.0,0.5271726557334051,0,0
late__svc__linear,late,7,1.0,0.5384908963774876,0,0
late__svc__linear,middle,14,0.7142857142857143,0.5207373821823619,0,4
late__svc__poly2,AD_high_MMSE,8,0.75,0.465440904045783,0,2
late__svc__poly2,control,36,0.25,0.466524368398349,27,0
late__svc__poly2,early,6,1.0,0.5677652414385622,0,0
late__svc__poly2,late,7,1.0,0.5728912049594791,0,0
late__svc__poly2,middle,14,0.7142857142857143,0.48850191580698704,0,4
late__svc__poly3,AD_high_MMSE,8,0.75,0.4909233060492023,0,2
late__svc__poly3,control,36,0.25,0.48560974184768857,27,0
late__svc__poly3,early,6,1.0,0.5638376888912474,0,0
late__svc__poly3,late,7,1.0,0.5672695844345934,0,0
late__svc__poly3,middle,14,0.7857142857142857,0.49603796594212335,0,3
late__svc__rbf,AD_high_MMSE,8,0.75,0.5073372365418682,0,2
late__svc__rbf,control,36,0.25,0.5111729655635653,27,0
late__svc__rbf,early,6,1.0,0.5577882792096138,0,0
late__svc__rbf,late,7,1.0,0.5693395401677529,0,0
late__svc__rbf,middle,14,0.7857142857142857,0.5128785618921528,0,3
late__svc__sigmoid,AD_high_MMSE,8,0.125,0.4939866378574013,0,7
late__svc__sigmoid,control,36,0.7777777777777778,0.49929671244475976,8,0
late__svc__sigmoid,early,6,0.5,0.5056513821161296,0,3
late__svc__sigmoid,late,7,0.2857142857142857,0.5117427220772272,0,5
late__svc__sigmoid,middle,14,0.2857142857142857,0.5080356297864482,0,10
middle__lr__elasticnet,AD_high_MMSE,8,0.875,0.770487335766057,0,1
middle__lr__elasticnet,control,36,0.5833333333333334,0.49313817562656465,15,0
middle__lr__elasticnet,early,6,0.8333333333333334,0.7088113766592586,0,1
middle__lr__elasticnet,late,7,0.8571428571428571,0.8328230546451136,0,1
middle__lr__elasticnet,middle,14,0.8571428571428571,0.7237469071537369,0,2
middle__lr__l1,AD_high_MMSE,8,0.75,0.8391248162937512,0,2
middle__lr__l1,control,36,0.5277777777777778,0.46176456208886774,17,0
middle__lr__l1,early,6,0.8333333333333334,0.7908654309856912,0,1
middle__lr__l1,late,7,0.8571428571428571,0.8940469489280236,0,1
middle__lr__l1,middle,14,0.7142857142857143,0.7633803497553632,0,4
middle__lr__l2,AD_high_MMSE,8,0.75,0.7870040348784316,0,2
middle__lr__l2,control,36,0.6666666666666666,0.3952265624739358,12,0
middle__lr__l2,early,6,0.8333333333333334,0.7892699215520705,0,1
middle__lr__l2,late,7,0.8571428571428571,0.8765936114977926,0,1
middle__lr__l2,middle,14,0.8571428571428571,0.751922482091628,0,2
middle__svc__linear,AD_high_MMSE,8,0.875,0.8742066221232576,0,1
middle__svc__linear,control,36,0.5,0.48241368225876424,18,0
middle__svc__linear,early,6,0.8333333333333334,0.7986655703140002,0,1
middle__svc__linear,late,7,0.8571428571428571,0.8992427241931443,0,1
middle__svc__linear,middle,14,0.8571428571428571,0.762729989857533,0,2
middle__svc__poly2,AD_high_MMSE,8,1.0,0.8357287534156081,0,0
middle__svc__poly2,control,36,0.6111111111111112,0.43127183282923465,14,0
middle__svc__poly2,early,6,0.8333333333333334,0.7796577833175252,0,1
middle__svc__poly2,late,7,0.8571428571428571,0.9105017442225805,0,1
middle__svc__poly2,middle,14,0.9285714285714286,0.8081988449719384,0,1
middle__svc__poly3,AD_high_MMSE,8,0.875,0.8093784491940587,0,1
middle__svc__poly3,control,36,0.7222222222222222,0.4020173742082809,10,0
middle__svc__poly3,early,6,0.8333333333333334,0.7375124755066859,0,1
middle__svc__poly3,late,7,0.8571428571428571,0.9061441475113259,0,1
middle__svc__poly3,middle,14,0.9285714285714286,0.8162114813420532,0,1
middle__svc__rbf,AD_high_MMSE,8,0.875,0.7795023676477422,0,1
middle__svc__rbf,control,36,0.6944444444444444,0.4067908852821929,11,0
middle__svc__rbf,early,6,0.8333333333333334,0.7208901209310666,0,1
middle__svc__rbf,late,7,1.0,0.9168275631236718,0,0
middle__svc__rbf,middle,14,0.8571428571428571,0.7721475284443942,0,2
middle__svc__sigmoid,AD_high_MMSE,8,0.875,0.8093825233732286,0,1
middle__svc__sigmoid,control,36,0.5277777777777778,0.47911155248179504,17,0
middle__svc__sigmoid,early,6,0.8333333333333334,0.8043774936594441,0,1
middle__svc__sigmoid,late,7,0.8571428571428571,0.8788110507837807,0,1
middle__svc__sigmoid,middle,14,0.9285714285714286,0.7418093660768604,0,1
middle_late__lr__elasticnet,AD_high_MMSE,8,0.75,0.7693025366752736,0,2
middle_late__lr__elasticnet,control,36,0.5555555555555556,0.42798486188111196,16,0
middle_late__lr__elasticnet,early,6,0.8333333333333334,0.7963916034958559,0,1
middle_late__lr__elasticnet,late,7,0.8571428571428571,0.9156515181588107,0,1
middle_late__lr__elasticnet,middle,14,0.7857142857142857,0.7632994166860839,0,3
middle_late__lr__l1,AD_high_MMSE,8,0.75,0.8371308364414376,0,2
middle_late__lr__l1,control,36,0.5555555555555556,0.4617324465152017,16,0
middle_late__lr__l1,early,6,0.8333333333333334,0.8007830515728328,0,1
middle_late__lr__l1,late,7,0.8571428571428571,0.9003983751652351,0,1
middle_late__lr__l1,middle,14,0.7857142857142857,0.7630937079841867,0,3
middle_late__lr__l2,AD_high_MMSE,8,0.75,0.7801694759644924,0,2
middle_late__lr__l2,control,36,0.6944444444444444,0.3705177305479781,11,0
middle_late__lr__l2,early,6,0.8333333333333334,0.8196915328502173,0,1
middle_late__lr__l2,late,7,0.8571428571428571,0.8742962492704291,0,1
middle_late__lr__l2,middle,14,0.8571428571428571,0.7710583269692541,0,2
middle_late__svc__linear,AD_high_MMSE,8,0.875,0.8513641744784907,0,1
middle_late__svc__linear,control,36,0.5555555555555556,0.4596633634799324,16,0
middle_late__svc__linear,early,6,0.8333333333333334,0.7975920759798586,0,1
middle_late__svc__linear,late,7,0.8571428571428571,0.8917010125871722,0,1
middle_late__svc__linear,middle,14,0.9285714285714286,0.7606117909003515,0,1
middle_late__svc__poly2,AD_high_MMSE,8,0.875,0.8089029736677733,0,1
middle_late__svc__poly2,control,36,0.6944444444444444,0.4069477939822578,11,0
middle_late__svc__poly2,early,6,0.8333333333333334,0.7867356430633422,0,1
middle_late__svc__poly2,late,7,0.8571428571428571,0.8970272557583175,0,1
middle_late__svc__poly2,middle,14,0.8571428571428571,0.8012436234019246,0,2
middle_late__svc__poly3,AD_high_MMSE,8,0.875,0.78863074423045,0,1
middle_late__svc__poly3,control,36,0.6666666666666666,0.3888051341874942,12,0
middle_late__svc__poly3,early,6,0.8333333333333334,0.7420680285470573,0,1
middle_late__svc__poly3,late,7,0.8571428571428571,0.9045229685699393,0,1
middle_late__svc__poly3,middle,14,0.9285714285714286,0.812834760654641,0,1
middle_late__svc__rbf,AD_high_MMSE,8,0.875,0.7708752394486548,0,1
middle_late__svc__rbf,control,36,0.6666666666666666,0.39888138223701686,12,0
middle_late__svc__rbf,early,6,0.8333333333333334,0.7205439749944218,0,1
middle_late__svc__rbf,late,7,1.0,0.9171798265767411,0,0
middle_late__svc__rbf,middle,14,0.8571428571428571,0.7657194544378324,0,2
middle_late__svc__sigmoid,AD_high_MMSE,8,0.875,0.8057424137090626,0,1
middle_late__svc__sigmoid,control,36,0.5277777777777778,0.47618538302942093,17,0
middle_late__svc__sigmoid,early,6,0.8333333333333334,0.8048399872167115,0,1
middle_late__svc__sigmoid,late,7,0.8571428571428571,0.8882787725825594,0,1
middle_late__svc__sigmoid,middle,14,0.8571428571428571,0.7421553858057143,0,2
middle_late_scale__lr__elasticnet,AD_high_MMSE,8,0.75,0.7547189226770508,0,2
middle_late_scale__lr__elasticnet,control,36,0.5833333333333334,0.4080137547463364,15,0
middle_late_scale__lr__elasticnet,early,6,0.8333333333333334,0.8056106857005325,0,1
middle_late_scale__lr__elasticnet,late,7,0.8571428571428571,0.9014442868014118,0,1
middle_late_scale__lr__elasticnet,middle,14,0.7857142857142857,0.7790701025202571,0,3
middle_late_scale__lr__l1,AD_high_MMSE,8,0.875,0.8563901699149822,0,1
middle_late_scale__lr__l1,control,36,0.5555555555555556,0.44900683563893573,16,0
middle_late_scale__lr__l1,early,6,0.8333333333333334,0.814326233803964,0,1
middle_late_scale__lr__l1,late,7,0.8571428571428571,0.8898370723247504,0,1
middle_late_scale__lr__l1,middle,14,0.7857142857142857,0.7715801291798126,0,3
middle_late_scale__lr__l2,AD_high_MMSE,8,0.875,0.7945961607306532,0,1
middle_late_scale__lr__l2,control,36,0.6666666666666666,0.34098542007206134,12,0
middle_late_scale__lr__l2,early,6,0.8333333333333334,0.8230855597818015,0,1
middle_late_scale__lr__l2,late,7,0.8571428571428571,0.8840363059389927,0,1
middle_late_scale__lr__l2,middle,14,0.8571428571428571,0.7919675824080129,0,2
middle_late_scale__svc__linear,AD_high_MMSE,8,1.0,0.829910927895637,0,0
middle_late_scale__svc__linear,control,36,0.5833333333333334,0.429015666444526,15,0
middle_late_scale__svc__linear,early,6,0.8333333333333334,0.7948095903900575,0,1
middle_late_scale__svc__linear,late,7,0.8571428571428571,0.890227483486111,0,1
middle_late_scale__svc__linear,middle,14,0.9285714285714286,0.7783817848537761,0,1
middle_late_scale__svc__poly2,AD_high_MMSE,8,0.875,0.8087844408742977,0,1
middle_late_scale__svc__poly2,control,36,0.6388888888888888,0.39645642894283,13,0
middle_late_scale__svc__poly2,early,6,0.8333333333333334,0.7856286492681902,0,1
middle_late_scale__svc__poly2,late,7,0.8571428571428571,0.8924493729272432,0,1
middle_late_scale__svc__poly2,middle,14,0.9285714285714286,0.7730969290474539,0,1
middle_late_scale__svc__poly3,AD_high_MMSE,8,0.875,0.7839206479360356,0,1
middle_late_scale__svc__poly3,control,36,0.6666666666666666,0.3688484702819419,12,0
middle_late_scale__svc__poly3,early,6,0.8333333333333334,0.780774273838499,0,1
middle_late_scale__svc__poly3,late,7,0.8571428571428571,0.8775377091415706,0,1
middle_late_scale__svc__poly3,middle,14,0.8571428571428571,0.7609373250010493,0,2
middle_late_scale__svc__rbf,AD_high_MMSE,8,0.875,0.7437958596034232,0,1
middle_late_scale__svc__rbf,control,36,0.6388888888888888,0.37753695537053933,13,0
middle_late_scale__svc__rbf,early,6,0.8333333333333334,0.7445580456031903,0,1
middle_late_scale__svc__rbf,late,7,0.8571428571428571,0.8773880428497739,0,1
middle_late_scale__svc__rbf,middle,14,0.8571428571428571,0.729711613454631,0,2
middle_late_scale__svc__sigmoid,AD_high_MMSE,8,0.75,0.7105961472564785,0,2
middle_late_scale__svc__sigmoid,control,36,0.6388888888888888,0.3961976381375802,13,0
middle_late_scale__svc__sigmoid,early,6,0.8333333333333334,0.8024744234469138,0,1
middle_late_scale__svc__sigmoid,late,7,1.0,0.9150661431126103,0,0
middle_late_scale__svc__sigmoid,middle,14,0.7142857142857143,0.7130920149390204,0,4
mlp_svc_late_calibrated__lr__l2,AD_high_MMSE,8,0.875,0.7642418252385286,0,1
mlp_svc_late_calibrated__lr__l2,control,36,0.6666666666666666,0.40347662401425544,12,0
mlp_svc_late_calibrated__lr__l2,early,6,0.8333333333333334,0.7639220877625927,0,1
mlp_svc_late_calibrated__lr__l2,late,7,1.0,0.8633224879576685,0,0
mlp_svc_late_calibrated__lr__l2,middle,14,0.8571428571428571,0.757105246902524,0,2
sequential_interactions__lr__elasticnet,AD_high_MMSE,8,0.375,0.5601309744973283,0,5
sequential_interactions__lr__elasticnet,control,36,0.6666666666666666,0.3669101639315316,12,0
sequential_interactions__lr__elasticnet,early,6,0.6666666666666666,0.717688194156561,0,2
sequential_interactions__lr__elasticnet,late,7,1.0,0.8503684073864975,0,0
sequential_interactions__lr__elasticnet,middle,14,0.6428571428571429,0.6810597435414775,0,5
sequential_interactions__lr__l1,AD_high_MMSE,8,0.375,0.5208399011964776,0,5
sequential_interactions__lr__l1,control,36,0.7222222222222222,0.35998042946626496,10,0
sequential_interactions__lr__l1,early,6,0.5,0.6702961235075438,0,3
sequential_interactions__lr__l1,late,7,0.7142857142857143,0.6296781060155655,0,2
sequential_interactions__lr__l1,middle,14,0.42857142857142855,0.5407368220319987,0,8
sequential_interactions__lr__l2,AD_high_MMSE,8,0.5,0.5677034494151101,0,4
sequential_interactions__lr__l2,control,36,0.6944444444444444,0.3809284177907607,11,0
sequential_interactions__lr__l2,early,6,0.6666666666666666,0.6804830206924031,0,2
sequential_interactions__lr__l2,late,7,1.0,0.7862471823468867,0,0
sequential_interactions__lr__l2,middle,14,0.6428571428571429,0.6423230353403617,0,5
sequential_interactions__svc__linear,AD_high_MMSE,8,0.5,0.5560547601434983,0,4
sequential_interactions__svc__linear,control,36,0.6944444444444444,0.4613146223536479,11,0
sequential_interactions__svc__linear,early,6,0.6666666666666666,0.5922856494322256,0,2
sequential_interactions__svc__linear,late,7,0.8571428571428571,0.6884113340008027,0,1
sequential_interactions__svc__linear,middle,14,0.6428571428571429,0.6176949020850335,0,5
sequential_interactions__svc__poly2,AD_high_MMSE,8,0.375,0.521507978163534,0,5
sequential_interactions__svc__poly2,control,36,0.7222222222222222,0.44379216761561935,10,0
sequential_interactions__svc__poly2,early,6,0.6666666666666666,0.5459807653841607,0,2
sequential_interactions__svc__poly2,late,7,0.5714285714285714,0.6022997502291868,0,3
sequential_interactions__svc__poly2,middle,14,0.5,0.5221242026514057,0,7
sequential_interactions__svc__poly3,AD_high_MMSE,8,0.5,0.5339071326945195,0,4
sequential_interactions__svc__poly3,control,36,0.75,0.43738627155373094,9,0
sequential_interactions__svc__poly3,early,6,0.8333333333333334,0.6187612808276374,0,1
sequential_interactions__svc__poly3,late,7,0.7142857142857143,0.6217697564212524,0,2
sequential_interactions__svc__poly3,middle,14,0.35714285714285715,0.5352939712119168,0,9
sequential_interactions__svc__rbf,AD_high_MMSE,8,0.5,0.5002204915296492,0,4
sequential_interactions__svc__rbf,control,36,0.6388888888888888,0.45120840374214244,13,0
sequential_interactions__svc__rbf,early,6,0.8333333333333334,0.5529675065524632,0,1
sequential_interactions__svc__rbf,late,7,0.8571428571428571,0.587537807114231,0,1
sequential_interactions__svc__rbf,middle,14,0.5,0.4964122520824264,0,7
sequential_interactions__svc__sigmoid,AD_high_MMSE,8,0.875,0.5499537474894926,0,1
sequential_interactions__svc__sigmoid,control,36,0.4444444444444444,0.484278710757854,20,0
sequential_interactions__svc__sigmoid,early,6,1.0,0.5950991167263792,0,0
sequential_interactions__svc__sigmoid,late,7,0.8571428571428571,0.5930122442307135,0,1
sequential_interactions__svc__sigmoid,middle,14,0.7857142857142857,0.5541242773507147,0,3
stage_activation_summary__lr__elasticnet,AD_high_MMSE,8,0.75,0.5407542746013027,0,2
stage_activation_summary__lr__elasticnet,control,36,0.4166666666666667,0.5356015530706322,21,0
stage_activation_summary__lr__elasticnet,early,6,0.5,0.5440246357195306,0,3
stage_activation_summary__lr__elasticnet,late,7,0.5714285714285714,0.5565392985911679,0,3
stage_activation_summary__lr__elasticnet,middle,14,0.5,0.5470764280597814,0,7
stage_activation_summary__lr__l1,AD_high_MMSE,8,0.5,0.5117384524757546,0,4
stage_activation_summary__lr__l1,control,36,0.5555555555555556,0.5088566945762728,16,0
stage_activation_summary__lr__l1,early,6,0.5,0.514172688336422,0,3
stage_activation_summary__lr__l1,late,7,0.5714285714285714,0.5236535514122304,0,3
stage_activation_summary__lr__l1,middle,14,0.5,0.5176204589525103,0,7
stage_activation_summary__lr__l2,AD_high_MMSE,8,0.75,0.5291714188865929,0,2
stage_activation_summary__lr__l2,control,36,0.4722222222222222,0.5218615075558651,19,0
stage_activation_summary__lr__l2,early,6,0.5,0.5341756706829708,0,3
stage_activation_summary__lr__l2,late,7,0.5714285714285714,0.540887038512206,0,3
stage_activation_summary__lr__l2,middle,14,0.5,0.5314150770901148,0,7
stage_activation_summary__svc__linear,AD_high_MMSE,8,0.75,0.5476207687224274,0,2
stage_activation_summary__svc__linear,control,36,0.4722222222222222,0.5364792438605565,19,0
stage_activation_summary__svc__linear,early,6,0.5,0.555983902703444,0,3
stage_activation_summary__svc__linear,late,7,0.7142857142857143,0.5720397946771827,0,2
stage_activation_summary__svc__linear,middle,14,0.5,0.5493347602632181,0,7
stage_activation_summary__svc__poly2,AD_high_MMSE,8,0.625,0.5148754547506261,0,3
stage_activation_summary__svc__poly2,control,36,0.3055555555555556,0.5277285248324157,25,0
stage_activation_summary__svc__poly2,early,6,0.6666666666666666,0.5317589485369142,0,2
stage_activation_summary__svc__poly2,late,7,0.7142857142857143,0.5799270382220563,0,2
stage_activation_summary__svc__poly2,middle,14,0.6428571428571429,0.5422423454382154,0,5
stage_activation_summary__svc__poly3,AD_high_MMSE,8,0.75,0.5427993234318659,0,2
stage_activation_summary__svc__poly3,control,36,0.3333333333333333,0.5241387863630692,24,0
stage_activation_summary__svc__poly3,early,6,0.6666666666666666,0.531470885494593,0,2
stage_activation_summary__svc__poly3,late,7,0.7142857142857143,0.5719564075254583,0,2
stage_activation_summary__svc__poly3,middle,14,0.6428571428571429,0.5435949510081781,0,5
stage_activation_summary__svc__rbf,AD_high_MMSE,8,0.75,0.5451618189985996,0,2
stage_activation_summary__svc__rbf,control,36,0.3333333333333333,0.5212225115708965,24,0
stage_activation_summary__svc__rbf,early,6,0.6666666666666666,0.5237577858079324,0,2
stage_activation_summary__svc__rbf,late,7,0.7142857142857143,0.5579209697176528,0,2
stage_activation_summary__svc__rbf,middle,14,0.5714285714285714,0.5301506815526251,0,6
stage_activation_summary__svc__sigmoid,AD_high_MMSE,8,0.5,0.5383133263710512,0,4
stage_activation_summary__svc__sigmoid,control,36,0.5,0.5303860943147369,18,0
stage_activation_summary__svc__sigmoid,early,6,0.3333333333333333,0.5566794364777051,0,4
stage_activation_summary__svc__sigmoid,late,7,0.5714285714285714,0.6206831231440424,0,3
stage_activation_summary__svc__sigmoid,middle,14,0.5714285714285714,0.53470237725172,0,6
stage_score_early_late__lr__l2,AD_high_MMSE,8,0.625,0.5133211992719902,0,3
stage_score_early_late__lr__l2,control,36,0.6944444444444444,0.38884252916099893,11,0
stage_score_early_late__lr__l2,early,6,0.6666666666666666,0.5390854932483121,0,2
stage_score_early_late__lr__l2,late,7,0.8571428571428571,0.7236363528965899,0,1
stage_score_early_late__lr__l2,middle,14,0.6428571428571429,0.5837500257705155,0,5
stage_score_early_middle__lr__l2,AD_high_MMSE,8,0.875,0.7074292717820789,0,1
stage_score_early_middle__lr__l2,control,36,0.6666666666666666,0.3956185511426563,12,0
stage_score_early_middle__lr__l2,early,6,0.8333333333333334,0.7482943689455751,0,1
stage_score_early_middle__lr__l2,late,7,0.8571428571428571,0.8417771988143896,0,1
stage_score_early_middle__lr__l2,middle,14,0.8571428571428571,0.7398674946062886,0,2
stage_score_middle_late__lr__l2,AD_high_MMSE,8,0.75,0.7979413458124904,0,2
stage_score_middle_late__lr__l2,control,36,0.6388888888888888,0.43340274748671226,13,0
stage_score_middle_late__lr__l2,early,6,0.8333333333333334,0.8109232814366175,0,1
stage_score_middle_late__lr__l2,late,7,0.8571428571428571,0.859382170507388,0,1
stage_score_middle_late__lr__l2,middle,14,0.8571428571428571,0.8069831589057547,0,2
stage_score_three_stage__lr__l2,AD_high_MMSE,8,0.75,0.7035753405948759,0,2
stage_score_three_stage__lr__l2,control,36,0.6944444444444444,0.3909648957293352,11,0
stage_score_three_stage__lr__l2,early,6,0.8333333333333334,0.7633826339922128,0,1
stage_score_three_stage__lr__l2,late,7,0.8571428571428571,0.8509666811979077,0,1
stage_score_three_stage__lr__l2,middle,14,0.8571428571428571,0.7456395438186857,0,2
