model_name,cv_accuracy,cv_balanced_accuracy,cv_f1,cv_roc_auc,cv_pr_auc,best_cv_score_grid,external_accuracy,external_balanced_accuracy,external_f1,external_roc_auc,external_pr_auc,accuracy_gap,balanced_accuracy_gap,roc_auc_gap
middle__lr__l1,0.8734939759036144,0.876400407391241,0.8711656441717791,0.9390368107085697,0.9541506557762515,0.8593582887700534,0.647887323943662,0.6496031746031746,0.6835443037974683,0.7809523809523811,0.7495572120526968,0.22560665195995244,0.2267972327880664,0.15808442975618864
middle__svc__linear,0.891566265060241,0.8913138367525097,0.896551724137931,0.9599883602502547,0.9684311375737842,0.8675579322638145,0.676056338028169,0.6785714285714286,0.7228915662650602,0.8,0.815450132067427,0.21550992703207195,0.21274240818108114,0.15998836025025465
middle_late__lr__elasticnet,0.8795180722891566,0.8809835588534847,0.8809523809523809,0.9519860323003055,0.963455352687465,0.8735591206179442,0.676056338028169,0.6777777777777778,0.7088607594936709,0.792063492063492,0.7850643063674881,0.20346173426098757,0.20320578107570686,0.15992254023681352
middle_late__lr__l1,0.8734939759036144,0.875818419903972,0.8727272727272727,0.9390368107085698,0.9541447243190618,0.855377302436126,0.676056338028169,0.6777777777777778,0.7088607594936709,0.7841269841269841,0.755646534223543,0.19743763787544544,0.1980406421261942,0.1549098265815857
middle_late_scale__lr__l1,0.8795180722891566,0.8821475338280227,0.8780487804878049,0.9402007856831077,0.9560688742045073,0.8614973262032085,0.6901408450704225,0.692063492063492,0.725,0.7904761904761904,0.7525222389052336,0.18937722721873407,0.19008404176453064,0.14972459520691728
middle_late_scale__lr__elasticnet,0.8795180722891566,0.8804015713662157,0.8823529411764706,0.9537319947621126,0.9652074083272868,0.8836007130124778,0.6901408450704225,0.6916666666666667,0.717948717948718,0.8095238095238095,0.8103605914985633,0.18937722721873407,0.188734904699549,0.14420818523830303
early_late__lr__l1,0.7469879518072289,0.746398952422523,0.7586206896551724,0.802706241815801,0.7562995261617249,0.7469399881164587,0.5633802816901409,0.5630952380952381,0.5507246376811594,0.6595238095238095,0.5957707359772892,0.183607670117088,0.18330371432728487,0.14318243229199146
middle_late_scale__svc__sigmoid,0.891566265060241,0.8907318492652407,0.8977272727272727,0.9516950385566709,0.9570347451336896,0.8717171717171718,0.7183098591549296,0.7194444444444444,0.7368421052631579,0.8043650793650794,0.7536504867774347,0.17325640590531133,0.1712874048207963,0.14732995919159153
early_middle_scale__svc__linear,0.891566265060241,0.8913138367525097,0.896551724137931,0.9713371162520006,0.9763732469702348,0.8837195484254307,0.7183098591549296,0.7206349206349206,0.7560975609756098,0.8277777777777778,0.8325480880444138,0.17325640590531133,0.17067891611758912,0.14355933847422275
middle_late__svc__sigmoid,0.8614457831325302,0.8608322421067947,0.8685714285714285,0.9451476793248945,0.9562702378423986,0.8636363636363635,0.6901408450704225,0.6924603174603174,0.7317073170731707,0.7682539682539682,0.7486859055922165,0.17130493806210767,0.1683719246464772,0.17689371107092633
middle__svc__sigmoid,0.8734939759036144,0.872908482467627,0.88,0.9493670886075949,0.9587156552345535,0.8656565656565655,0.704225352112676,0.7067460317460317,0.7469879518072289,0.7674603174603174,0.7496523374595403,0.16926862379093843,0.1661624507215953,0.1819067711472775
middle__lr__elasticnet,0.8795180722891566,0.8804015713662157,0.8823529411764706,0.9320529608613415,0.9462673283704951,0.8754010695187164,0.7183098591549296,0.7202380952380952,0.75,0.7817460317460317,0.739326557514581,0.16120821313422695,0.16016347612812043,0.15030692911530974
middle_late__svc__linear,0.8795180722891566,0.8792375963916776,0.8850574712643678,0.9608613414811581,0.9693965747994425,0.8815210932857991,0.7183098591549296,0.7206349206349206,0.7560975609756098,0.8031746031746032,0.816190563515163,0.16120821313422695,0.15860267575675702,0.15768673830655489
stage_activation_summary__svc__poly2,0.6385542168674698,0.6307289393278045,0.696969696969697,0.6203259129928705,0.6033621467252589,0.616577540106952,0.4788732394366197,0.48134920634920636,0.5542168674698795,0.5373015873015874,0.563609115395256,0.15968097743085014,0.14937973297859813,0.08302432569128315
sequential_interactions__lr__l1,0.7650602409638554,0.7671322566564819,0.7636363636363637,0.8473010330277899,0.8570368362960322,0.7572786690433749,0.6056338028169014,0.6039682539682539,0.5483870967741935,0.7023809523809524,0.6888428472528892,0.159426438146954,0.16316400268822795,0.14492008064683748
early_middle__svc__linear,0.891566265060241,0.8913138367525097,0.896551724137931,0.9707551287647317,0.976057743299021,0.8795603089720735,0.7323943661971831,0.7345238095238096,0.7654320987654321,0.8238095238095239,0.8303264383360243,0.15917189886305783,0.15679002722870017,0.1469456049552078
early_middle__lr__elasticnet,0.8855421686746988,0.8873126727775353,0.8862275449101796,0.9650807507638586,0.9714599893495005,0.8775995246583483,0.7323943661971831,0.7341269841269842,0.759493670886076,0.8158730158730159,0.8195479570235488,0.1531478024775157,0.15318568865055116,0.1492077348908427
early_middle_scale__lr__elasticnet,0.8855421686746988,0.8873126727775353,0.8862275449101796,0.9646442601484068,0.9710907303025351,0.8755793226381461,0.7323943661971831,0.7341269841269842,0.759493670886076,0.8166666666666667,0.8210955760711679,0.1531478024775157,0.15318568865055116,0.1479775934817401
stage_score_middle_late__lr__l2,0.8795180722891566,0.8809835588534847,0.8809523809523809,0.9538774916339298,0.9636895855608687,0.8674985145573381,0.7323943661971831,0.7337301587301588,0.7532467532467533,0.8007936507936507,0.7759302990063978,0.14712370609197345,0.14725340012332588,0.15308384084027904
all__svc__linear,0.8795180722891566,0.8786556089044086,0.8863636363636364,0.9698821475338281,0.9755879341695891,0.8795603089720735,0.7323943661971831,0.7345238095238096,0.7654320987654321,0.8222222222222223,0.8249825785294954,0.14712370609197345,0.14413179938059906,0.14765992531160577
all_plus_interactions__lr__elasticnet,0.891566265060241,0.8930597992143169,0.8928571428571429,0.9631892914302341,0.9703112563468306,0.8816399286987522,0.7464788732394366,0.7484126984126984,0.775,0.8277777777777777,0.8316062268800888,0.14508739182080432,0.14464710080161847,0.1354115136524564
stage_activation_summary__svc__rbf,0.6325301204819277,0.6255638003782918,0.6871794871794872,0.6024297977593481,0.5781164763892299,0.6106951871657755,0.49295774647887325,0.49523809523809526,0.5609756097560976,0.5456349206349206,0.5512314290148882,0.13957237400305444,0.1303257051401966,0.056794877124427545
sequential_interactions__lr__elasticnet,0.8012048192771084,0.8021970027644406,0.8047337278106509,0.8494834861050486,0.8123395473998954,0.7812240047534165,0.6619718309859155,0.6619047619047619,0.6571428571428571,0.7579365079365079,0.704359638555335,0.1392329882911929,0.14029224085967873,0.09154697816854074
all_plus_interactions__lr__l1,0.8855421686746988,0.8884766477520734,0.8834355828220859,0.9532955041466608,0.96343272835439,0.8674985145573382,0.7464788732394366,0.7484126984126984,0.775,0.8150793650793651,0.8037006434021459,0.1390632954352622,0.14006394933937494,0.13821613906729568
middle__svc__poly2,0.8975903614457831,0.8982249381638294,0.9005847953216374,0.9576604103011785,0.9653077330348728,0.8816993464052287,0.7605633802816901,0.7626984126984127,0.7901234567901234,0.8428571428571429,0.8538123562714098,0.13702698116409295,0.13552652546541677,0.11480326744403568
all__lr__elasticnet,0.8674698795180723,0.8683253310053833,0.8705882352941177,0.9644987632765896,0.9708568637372775,0.8775401069518716,0.7323943661971831,0.7337301587301588,0.7532467532467533,0.8150793650793651,0.8125699871177147,0.13507551332088918,0.13459517227522455,0.1494193981972245
middle__lr__l2,0.8795180722891566,0.8821475338280227,0.8780487804878049,0.9569329259420922,0.9646561083543641,0.8594771241830064,0.7464788732394366,0.7476190476190476,0.7631578947368421,0.819047619047619,0.8271908408333332,0.13303919904971995,0.13452848620897506,0.1378853068944732
early_middle__lr__l1,0.8795180722891566,0.8827295213152917,0.8765432098765432,0.9452931761967118,0.9560899775458156,0.8594771241830065,0.7464788732394366,0.7484126984126984,0.775,0.8047619047619048,0.7929646643013093,0.13303919904971995,0.13431682290259328,0.14053127143480704
early_middle__svc__sigmoid,0.8795180722891566,0.8792375963916776,0.8850574712643678,0.9538774916339299,0.9587698682000596,0.8676767676767677,0.7464788732394366,0.748015873015873,0.7692307692307693,0.8325396825396825,0.8305675913286797,0.13303919904971995,0.13122172337580462,0.1213378090942474
middle_late_scale__svc__linear,0.8795180722891566,0.8780736214171395,0.8876404494382022,0.9589698821475339,0.9660509938660393,0.8775401069518716,0.7464788732394366,0.7488095238095238,0.7804878048780488,0.8222222222222222,0.8111552495986867,0.13303919904971995,0.1292640976076157,0.13674765992531168
stage_activation_summary__svc__poly3,0.6385542168674698,0.6313109268150735,0.6938775510204082,0.6265822784810127,0.5938933915893715,0.6187165775401071,0.5070422535211268,0.5095238095238095,0.5783132530120482,0.5523809523809524,0.5422797395781176,0.13151196334634307,0.12178711729126401,0.07420132610006025
early_middle_scale__lr__l1,0.8734939759036144,0.87698239487851,0.8695652173913043,0.9477666230176052,0.9580929572477492,0.8614973262032085,0.7464788732394366,0.7484126984126984,0.775,0.8047619047619048,0.791662397913551,0.12701510266417781,0.12856969646581162,0.14300471825570038
middle_late_scale__svc__poly2,0.8855421686746988,0.8849847228284592,0.8914285714285715,0.9512585479412192,0.9598760236995478,0.8675579322638145,0.7605633802816901,0.7623015873015873,0.7848101265822784,0.8317460317460317,0.8270418372093394,0.12497878839300869,0.12268313552687193,0.11951251619518755
middle_late__svc__poly2,0.8975903614457831,0.8976429506765604,0.9017341040462428,0.9582423977884476,0.965653138891868,0.8916815210932857,0.7746478873239436,0.7757936507936507,0.7894736842105263,0.8301587301587301,0.8374435207617005,0.12294247412183945,0.12184929988290971,0.12808366762971746
middle_late__svc__poly3,0.8975903614457831,0.8970609631892914,0.9028571428571428,0.9518405354284882,0.9595789641021315,0.867498514557338,0.7746478873239436,0.7761904761904761,0.7948717948717948,0.8404761904761905,0.8457772295833222,0.12294247412183945,0.12087048699881531,0.11136434495229774
sequential_interactions__svc__poly2,0.7409638554216867,0.7429797759348173,0.7393939393939394,0.8176196711770698,0.7980678378312303,0.6932263814616756,0.6197183098591549,0.6182539682539683,0.5714285714285714,0.6785714285714286,0.6281146382459131,0.12124554556253186,0.12472580768084907,0.1390482426056412
all__lr__l1,0.8674698795180723,0.8706532809544595,0.8641975308641975,0.9471846355303362,0.9581156476151503,0.861437908496732,0.7464788732394366,0.7484126984126984,0.775,0.8007936507936508,0.7885960706538169,0.12099100627863568,0.12224058254176107,0.14639098473668533
all_plus_interactions__svc__sigmoid,0.8674698795180723,0.8665793685435763,0.875,0.9467481449148843,0.9364744138588178,0.8616161616161615,0.7464788732394366,0.7476190476190476,0.7631578947368421,0.8261904761904761,0.822199292760102,0.12099100627863568,0.11896032092452868,0.1205576687244082
middle_late__lr__l2,0.8795180722891566,0.8821475338280227,0.8780487804878049,0.957369416557544,0.9655045258105664,0.8635175282234104,0.7605633802816901,0.7615079365079365,0.7733333333333333,0.807142857142857,0.8162023938759184,0.11895469200746644,0.12063959732008622,0.150226559414687
middle_late_scale__lr__l2,0.8795180722891566,0.8809835588534847,0.8809523809523809,0.9525680197875745,0.9616809548863513,0.8756387403446227,0.7605633802816901,0.7619047619047619,0.7792207792207793,0.8246031746031746,0.8117536587719413,0.11895469200746644,0.11907879694872281,0.1279648451844
all_plus_interactions__lr__l2,0.8795180722891566,0.8804015713662157,0.8823529411764706,0.9516950385566711,0.958831513644277,0.8695187165775401,0.7605633802816901,0.7619047619047619,0.7792207792207793,0.846031746031746,0.8310749761904316,0.11895469200746644,0.1184968094614538,0.10566329252492512
all__svc__sigmoid,0.8795180722891566,0.8798195838789467,0.8837209302325582,0.9524225229157575,0.9570377474171811,0.8755793226381462,0.7605633802816901,0.7619047619047619,0.7792207792207793,0.8238095238095238,0.8230381777659795,0.11895469200746644,0.11791482197418479,0.1286129991062337
middle_late_scale__svc__poly3,0.8795180722891566,0.8798195838789467,0.8837209302325582,0.9396187981958388,0.9505237030924107,0.863576945929887,0.7605633802816901,0.7619047619047619,0.7792207792207793,0.8396825396825397,0.835559751382919,0.11895469200746644,0.11791482197418479,0.09993625851329913
early_middle_scale__svc__sigmoid,0.8734939759036144,0.874072457442165,0.8771929824561403,0.9515495416848538,0.954165640657215,0.8695781342840168,0.7605633802816901,0.7619047619047619,0.7792207792207793,0.8277777777777778,0.8230334919554151,0.11293059562192431,0.11216769553740313,0.123771763907076
early_middle__svc__poly2,0.8734939759036144,0.872908482467627,0.88,0.966972210097483,0.9719941290862208,0.8896019013666071,0.7605633802816901,0.7626984126984127,0.7901234567901234,0.8452380952380952,0.8418143899472214,0.11293059562192431,0.11021006976921432,0.12173411485938779
early_middle_scale__svc__poly2,0.8855421686746988,0.8861486978029973,0.8888888888888888,0.9652262476356759,0.9706910583805572,0.8856209150326797,0.7746478873239436,0.7765873015873015,0.8,0.8373015873015873,0.8246009485452379,0.11089428135075519,0.10956139621569583,0.12792466033408856
stage_activation_summary__lr__elasticnet,0.6024096385542169,0.6003200931179979,0.6292134831460674,0.6382220282263931,0.6145548049916121,0.596613190730838,0.49295774647887325,0.49404761904761907,0.5263157894736842,0.5349206349206349,0.5043350550055699,0.10945189207534367,0.10627247407037888,0.10330139330575816
all__lr__l2,0.8795180722891566,0.8821475338280227,0.8780487804878049,0.9642077695329551,0.970573304180373,0.8776589423648247,0.7746478873239436,0.7761904761904761,0.7948717948717948,0.8253968253968255,0.8204040367700349,0.10487018496521294,0.10595705763754659,0.1388109441361296
early_middle_scale__lr__l2,0.8795180722891566,0.8821475338280227,0.8780487804878049,0.9650807507638586,0.9710963168138173,0.8736185383244206,0.7746478873239436,0.7761904761904761,0.7948717948717948,0.8333333333333334,0.8336070784420683,0.10487018496521294,0.10595705763754659,0.1317474174305252
mlp_svc_late_calibrated__lr__l2,0.8795180722891566,0.8798195838789467,0.8837209302325582,0.9624618070711479,0.9672986407001488,0.8795603089720736,0.7746478873239436,0.7761904761904761,0.7948717948717948,0.8269841269841269,0.7930169017232984,0.10487018496521294,0.10362910768847056,0.135477680087021
all__svc__poly2,0.8795180722891566,0.8792375963916776,0.8850574712643678,0.9659537319947621,0.9712812890030454,0.883541295306001,0.7746478873239436,0.7761904761904761,0.7948717948717948,0.8436507936507937,0.8389757180035498,0.10487018496521294,0.10304712020120155,0.12230293834396844
all_plus_interactions__svc__linear,0.8795180722891566,0.8792375963916776,0.8850574712643678,0.9612978320966099,0.9669442921431108,0.8775995246583481,0.7746478873239436,0.7765873015873015,0.8,0.834920634920635,0.8253714055440938,0.10487018496521294,0.10265029480437615,0.12637719717597495
early_middle_scale__svc__rbf,0.8493975903614458,0.8487560017459624,0.8571428571428571,0.9365633638876765,0.9425450317435139,0.84349376114082,0.7464788732394366,0.7484126984126984,0.775,0.8500000000000001,0.8631509460717116,0.10291871712200917,0.10034330333326402,0.08656336388767638
middle_late_scale__svc__rbf,0.8493975903614458,0.8475920267714244,0.8603351955307262,0.9176487705514331,0.9208187547225924,0.847534165181224,0.7464788732394366,0.748015873015873,0.7692307692307693,0.8277777777777776,0.8232921994326204,0.10291871712200917,0.0995761537555514,0.08987099277365551
early_middle__svc__rbf,0.8614457831325302,0.8608322421067947,0.8685714285714285,0.9386003200931179,0.945162711705308,0.8454545454545455,0.7605633802816901,0.7623015873015873,0.7848101265822784,0.8476190476190475,0.8587859230024537,0.10088240285084005,0.0985306548052074,0.0909812724740704
all__svc__rbf,0.8614457831325302,0.8608322421067947,0.8685714285714285,0.938600320093118,0.9451638729703374,0.8474747474747474,0.7605633802816901,0.7623015873015873,0.7848101265822784,0.8468253968253968,0.8573545968471233,0.10088240285084005,0.0985306548052074,0.09177492326772119
stage_score_three_stage__lr__l2,0.8554216867469879,0.8585770405936273,0.8518518518518519,0.9528590135312092,0.9622253272646415,0.8695781342840166,0.7605633802816901,0.7615079365079365,0.7733333333333333,0.8031746031746032,0.7829838672292742,0.0948583064652978,0.0970691040856908,0.14968441035660596
stage_score_early_middle__lr__l2,0.8554216867469879,0.8579950531063583,0.8536585365853658,0.9516950385566711,0.9613511852862044,0.8675579322638146,0.7605633802816901,0.7619047619047619,0.7792207792207793,0.8134920634920635,0.7908444531791392,0.0948583064652978,0.0960902912015964,0.13820297506460766
middle__svc__poly3,0.8975903614457831,0.8970609631892914,0.9028571428571428,0.9506765604539503,0.9591520788388428,0.861437908496732,0.8028169014084507,0.803968253968254,0.8157894736842105,0.85,0.857225075537433,0.09477346003733234,0.0930927092210374,0.10067656045395035
late__svc__linear,0.6265060240963856,0.615160774043358,0.7047619047619048,0.633929870507784,0.6069807715352145,0.5481877599524658,0.5352112676056338,0.5392857142857144,0.6373626373626373,0.5634920634920635,0.5313251273598943,0.0912947564907518,0.07587505975764364,0.07043780701572055
early_middle__lr__l2,0.8795180722891566,0.8821475338280227,0.8780487804878049,0.9637712789175032,0.9701493008831393,0.8715983363042186,0.7887323943661971,0.7904761904761904,0.810126582278481,0.8246031746031746,0.8228622777633782,0.09078567792295944,0.09167134335183225,0.1391681043143287
sequential_interactions__lr__l2,0.7771084337349398,0.7780445220427761,0.7810650887573964,0.8580678015422668,0.8329002110532262,0.7934046345811051,0.6901408450704225,0.6900793650793651,0.6857142857142857,0.7642857142857142,0.7000706301434619,0.08696758866451726,0.087965156963411,0.09378208725655257
early__svc__linear,0.7590361445783133,0.75556525534701,0.782608695652174,0.7996508075076386,0.7255536981167778,0.7427807486631015,0.676056338028169,0.6777777777777778,0.7088607594936709,0.7690476190476191,0.7439805434343117,0.08297980655014425,0.07778747756923221,0.030603188460019526
all_plus_interactions__svc__poly2,0.8674698795180723,0.8677433435181143,0.872093023255814,0.9541684853775645,0.9605975501061959,0.8655377302436127,0.7887323943661971,0.7904761904761904,0.810126582278481,0.8444444444444444,0.8409362293484338,0.07873748515187518,0.07726715304192389,0.10972404093312005
all_plus_interactions__svc__rbf,0.8373493975903614,0.8349337989233232,0.850828729281768,0.9228866579368544,0.9299989156295658,0.8434343434343433,0.7605633802816901,0.7623015873015873,0.7848101265822784,0.8388888888888888,0.8340076419401722,0.0767860173086713,0.07263221162173594,0.08399776904796563
all__svc__poly3,0.8795180722891566,0.8786556089044086,0.8863636363636364,0.9575149134293612,0.9637592587503258,0.8695781342840164,0.8028169014084507,0.803968253968254,0.8157894736842105,0.85,0.8442105960527239,0.07670117088070583,0.07468735493615464,0.10751491342936126
stage_score_early_late__lr__l2,0.7650602409638554,0.7642223192201367,0.7771428571428571,0.8246762694602066,0.7431699818222864,0.7590017825311943,0.6901408450704225,0.6900793650793651,0.6857142857142857,0.7492063492063492,0.701328860352589,0.07491939589343288,0.07414295414077166,0.07546992025385735
early__lr__l1,0.7650602409638554,0.7630583442455987,0.7821229050279329,0.8123090353557398,0.7364365350619262,0.7569221628045159,0.6901408450704225,0.6900793650793651,0.6857142857142857,0.7476190476190476,0.7361479641172438,0.07491939589343288,0.07297897916623364,0.06468998773669221
early__lr__elasticnet,0.7650602409638554,0.7624763567583297,0.7845303867403315,0.8313691255638004,0.7620208397062751,0.7689245395127746,0.6901408450704225,0.6908730158730159,0.7027027027027027,0.734920634920635,0.6728821272185791,0.07491939589343288,0.07160334088531384,0.09644849064316541
early_late__lr__elasticnet,0.7650602409638554,0.7624763567583297,0.7845303867403315,0.8313691255638004,0.7620208397062751,0.7689245395127746,0.6901408450704225,0.6908730158730159,0.7027027027027027,0.734920634920635,0.6728821272185791,0.07491939589343288,0.07160334088531384,0.09644849064316541
early__lr__l2,0.7771084337349398,0.7757165720937,0.7909604519774012,0.8300596537174451,0.752019738074755,0.7569221628045157,0.704225352112676,0.7043650793650793,0.704225352112676,0.7595238095238095,0.7182570057556391,0.07288308162226376,0.07135149272862074,0.07053584419363557
late__svc__poly2,0.6024096385542169,0.5834424559871962,0.7203389830508474,0.5480139676996945,0.5680733496593104,0.5960784313725491,0.5352112676056338,0.5392857142857144,0.6373626373626373,0.5404761904761904,0.5102831348052966,0.06719837094858316,0.04415674170148187,0.007537777223504016
sequential_interactions__svc__poly3,0.7108433734939759,0.7119161938018332,0.7142857142857143,0.8150007274843591,0.8219979214207295,0.7054664289958408,0.647887323943662,0.6464285714285714,0.6031746031746031,0.6936507936507936,0.6392342756406468,0.06295604955031386,0.06548762237326189,0.12134993383356552
middle_late__svc__rbf,0.8373493975903614,0.8360977738978612,0.847457627118644,0.9324894514767933,0.9369477441338567,0.8496137849079025,0.7746478873239436,0.7761904761904761,0.7948717948717948,0.8468253968253967,0.8601143807523616,0.06270151026641779,0.05990729770738512,0.08566405465139659
stage_activation_summary__lr__l1,0.5963855421686747,0.6009748290411756,0.567741935483871,0.6280372471991853,0.6058001614320747,0.5926916221033868,0.5352112676056338,0.5349206349206349,0.5217391304347826,0.5325396825396825,0.5057081741913834,0.06117427456304092,0.0660541941205407,0.09549756465950276
stage_activation_summary__svc__linear,0.5963855421686747,0.5939909791939473,0.6256983240223464,0.6342936126873272,0.6136789909843119,0.5827094474153298,0.5352112676056338,0.5361111111111111,0.56,0.5436507936507936,0.5158372337675448,0.06117427456304092,0.05787986808283618,0.0906428190365336
early__svc__poly3,0.7650602409638554,0.7618943692710607,0.7868852459016393,0.8334060817692419,0.7572559854472718,0.7708853238265002,0.704225352112676,0.705952380952381,0.7341772151898734,0.7658730158730159,0.7240366435790658,0.06083488885117938,0.05594198831867969,0.06753306589622599
middle__svc__rbf,0.8493975903614458,0.8481740142586935,0.8587570621468926,0.9316164702458898,0.9359186228002591,0.8415329768270946,0.7887323943661971,0.790079365079365,0.8051948051948052,0.8476190476190476,0.8618114651492311,0.060665195995248666,0.058094649179328495,0.08399742262684218
stage_activation_summary__svc__sigmoid,0.5662650602409639,0.5658373344973082,0.5813953488372093,0.6140695475047286,0.6220787877658971,0.6039809863339276,0.5070422535211268,0.5071428571428571,0.5070422535211268,0.5428571428571429,0.5201637857275052,0.05922280671983715,0.0586944773544511,0.07121240464758571
late__svc__poly3,0.608433734939759,0.5891895824239779,0.7257383966244726,0.5292448712352684,0.5369985665576511,0.6019607843137256,0.5492957746478874,0.5535714285714286,0.6521739130434783,0.5563492063492063,0.5315210817917176,0.05913796029187168,0.035618153852549295,-0.02710433511393784
all_plus_interactions__svc__poly3,0.8614457831325302,0.8614142295940637,0.8670520231213873,0.9423832387603667,0.9513011230520041,0.855377302436126,0.8028169014084507,0.8043650793650794,0.8205128205128205,0.8412698412698413,0.8370074744571908,0.05862888172407943,0.05704915022898427,0.10111339749052539
sequential_interactions__svc__sigmoid,0.7048192771084337,0.6974392550560162,0.751269035532995,0.7416703040884621,0.7379879618913332,0.6563874034462269,0.647887323943662,0.6507936507936507,0.7058823529411765,0.7634920634920634,0.7435188038418098,0.05693195316477173,0.046645604262365525,-0.021821759403601315
late__lr__elasticnet,0.5903614457831325,0.571366215626364,0.711864406779661,0.5586352393423542,0.5671927152686868,0.5818181818181819,0.5352112676056338,0.5392857142857144,0.6373626373626373,0.578968253968254,0.556567033346914,0.05515017817749879,0.03208050134064966,-0.02033301462589987
early_late__svc__poly2,0.7590361445783133,0.754401280372472,0.7872340425531915,0.8367525098210389,0.766073736527503,0.7708853238265002,0.704225352112676,0.7055555555555556,0.7272727272727273,0.736904761904762,0.6901339802107077,0.05481079246563725,0.0488457248169164,0.09984774791627693
early__svc__rbf,0.7710843373493976,0.7688054706823804,0.7888888888888889,0.8326785974101556,0.7946710622599005,0.7670825906120022,0.7183098591549296,0.7194444444444444,0.7368421052631579,0.7698412698412698,0.7450738279352974,0.05277447819446801,0.04936102623793592,0.06283732756888583
stage_activation_summary__lr__l2,0.572289156626506,0.573912410883166,0.5696969696969697,0.6411319656627382,0.6155677297613071,0.5906120023767083,0.5211267605633803,0.5218253968253967,0.5405405405405406,0.5428571428571429,0.5058421579365882,0.05116239606312578,0.052087014057769276,0.0982748228055953
early_late__lr__l2,0.7530120481927711,0.7509821038847665,0.770949720670391,0.8291866724865415,0.7549277603075446,0.7508615567439096,0.704225352112676,0.7047619047619047,0.7123287671232876,0.7595238095238095,0.7208449925264319,0.048786696080095115,0.046220199122861794,0.06966286296273205
late__svc__rbf,0.5963855421686747,0.5771133420631457,0.7172995780590717,0.5247344682089335,0.5390568673504723,0.6039809863339277,0.5492957746478874,0.5535714285714286,0.6521739130434783,0.5126984126984127,0.5015418671598331,0.04708976752078731,0.02354191349171708,0.012036055510520893
sequential_interactions__svc__rbf,0.6807228915662651,0.677360686745235,0.7103825136612022,0.7994325621999127,0.8055261432349734,0.6851455733808675,0.6338028169014085,0.6337301587301587,0.6285714285714286,0.6873015873015873,0.6456195346182854,0.04692007466485659,0.043630528015076275,0.11213097489832535
sequential_interactions__svc__linear,0.7228915662650602,0.7263203841117416,0.7125,0.8131092681507347,0.7876998829484769,0.7431372549019607,0.676056338028169,0.6757936507936508,0.6666666666666666,0.7452380952380953,0.6889903200117067,0.046835228236891235,0.050526733318090766,0.06787117291263944
early_late__svc__linear,0.7228915662650602,0.7187545467772443,0.7526881720430108,0.7929579514040448,0.7250826124016723,0.7367795603089721,0.676056338028169,0.6777777777777778,0.7088607594936709,0.7698412698412699,0.7478278306055877,0.046835228236891235,0.04097676899946645,0.02311668156277491
early_late__svc__rbf,0.7590361445783133,0.75556525534701,0.782608695652174,0.8443183471555362,0.827512645013749,0.7689245395127747,0.7183098591549296,0.7186507936507937,0.7222222222222222,0.7690476190476191,0.7449240547070569,0.040726285423383635,0.03691446169621637,0.07527072810791713
early_middle__svc__poly3,0.8855421686746988,0.8849847228284592,0.8914285714285715,0.9566419321984577,0.9633901387663182,0.86951871657754,0.8450704225352113,0.8464285714285714,0.8571428571428571,0.8563492063492063,0.8498756960175685,0.04047174613948756,0.03855615139988777,0.10029272584925142
early_late__svc__sigmoid,0.7710843373493976,0.7688054706823804,0.7888888888888889,0.8313691255638004,0.7620955446784099,0.7729649435531788,0.7323943661971831,0.7333333333333334,0.7466666666666667,0.7857142857142857,0.7569369666155004,0.03868997115221451,0.03547213734904697,0.04565483984951468
early__svc__poly2,0.7710843373493976,0.7676414957078423,0.7934782608695652,0.8370435035646734,0.7652007467114222,0.7729055258467025,0.7323943661971831,0.7337301587301588,0.7532467532467533,0.7492063492063492,0.6878870390313914,0.03868997115221451,0.03391133697768356,0.08783715435832418
early_middle_scale__svc__poly3,0.8795180722891566,0.8792375963916776,0.8850574712643678,0.9541684853775644,0.9613043409859503,0.8754604872251931,0.8450704225352113,0.8464285714285714,0.8571428571428571,0.8492063492063492,0.8368520059399052,0.03444764975394532,0.032809024963106226,0.10496213617121519
early_late__svc__poly3,0.7469879518072289,0.7423250400116397,0.776595744680851,0.8364615160774044,0.798912270097566,0.7708853238265003,0.7183098591549296,0.71984126984127,0.7435897435897436,0.7515873015873016,0.726168528425947,0.02867809265229926,0.022483770170369732,0.0848742144901028
early__svc__sigmoid,0.7590361445783133,0.756147242834279,0.7802197802197802,0.8319511130510694,0.764776674349283,0.7731431966726083,0.7323943661971831,0.7333333333333334,0.7466666666666667,0.7873015873015873,0.7502018979951327,0.026641778381130132,0.02281390950094564,0.04464952574948211
early_middle__mlp__small,0.7710843373493976,0.7734613705805325,0.7682926829268293,0.8677433435181143,0.8830645119052193,0.7635769459298871,0.7605633802816901,0.7611111111111111,0.7671232876712328,0.8563492063492063,0.8603348357403625,0.010520957067707504,0.012350259469421476,0.011394137168908025
late__lr__l1,0.5421686746987951,0.5539065910082933,0.4153846153846154,0.5704204859595519,0.5778639504458252,0.5362448009506834,0.5352112676056338,0.530952380952381,0.32653061224489793,0.5734126984126984,0.5318184080054859,0.006957407093161394,0.02295421005591236,-0.0029922124531465144
late__lr__l2,0.5481927710843374,0.559653717445075,0.42748091603053434,0.5570347737523642,0.5671975033971268,0.5463458110516934,0.5492957746478874,0.5452380952380953,0.36,0.5658730158730159,0.5336007635056442,-0.0011030035635499758,0.014415622206979672,-0.008838242120651651
late__svc__sigmoid,0.4819277108433735,0.4650080023279499,0.6228070175438597,0.4127018769096465,0.49632097749248516,0.5463458110516934,0.5352112676056338,0.5317460317460317,0.37735849056603776,0.5468253968253969,0.5270872789924785,-0.053283556762260265,-0.06673802941808182,-0.1341235199157504
