model_name,metric,bootstrap_mean,ci_low,ci_high,n_boot
early__lr__l2,accuracy,0.7007042253521126,0.6052816901408451,0.8028169014084507,200
early__lr__l2,balanced_accuracy,0.7009404761904762,0.604454365079365,0.8031746031746032,200
early__lr__l2,sensitivity,0.7177142857142857,0.5714285714285714,0.8571428571428571,200
early__lr__l2,specificity,0.6841666666666666,0.5555555555555556,0.8062500000000001,200
early__lr__l2,f1,0.7017153364465298,0.583266129032258,0.8055555555555556,200
early__lr__l2,roc_auc,0.7525833333333333,0.6404563492063492,0.852638888888889,200
early__lr__l2,pr_auc,0.7224671589545312,0.6037883638176657,0.8492912000848326,200
early__lr__l2,mcc,0.40435822129097543,0.21020966054998022,0.6068310095291992,200
early__lr__l1,accuracy,0.6874647887323944,0.5774647887323944,0.7887323943661971,200
early__lr__l1,balanced_accuracy,0.6874960317460318,0.5777777777777777,0.7881150793650794,200
early__lr__l1,sensitivity,0.6897142857142857,0.5707142857142857,0.8285714285714286,200
early__lr__l1,specificity,0.6852777777777779,0.5277777777777778,0.8333333333333334,200
early__lr__l1,f1,0.6844849232919031,0.5752446183953033,0.7887671709267953,200
early__lr__l1,roc_auc,0.7420714285714286,0.6365079365079366,0.8485912698412699,200
early__lr__l1,pr_auc,0.7377981408286716,0.6406536830206581,0.8524140623366199,200
early__lr__l1,mcc,0.37698511288085856,0.1556791595127265,0.577807183221531,200
early__lr__elasticnet,accuracy,0.6832394366197184,0.5774647887323944,0.775,200
early__lr__elasticnet,balanced_accuracy,0.6840654761904762,0.5789484126984127,0.7761507936507936,200
early__lr__elasticnet,sensitivity,0.7427142857142858,0.5714285714285714,0.8857142857142857,200
early__lr__elasticnet,specificity,0.6254166666666666,0.4722222222222222,0.7777777777777778,200
early__lr__elasticnet,f1,0.697397947081318,0.5797101449275363,0.7898667122351334,200
early__lr__elasticnet,roc_auc,0.726063492063492,0.6038888888888889,0.8318055555555556,200
early__lr__elasticnet,pr_auc,0.679201322843949,0.5621300706605328,0.8065507773784162,200
early__lr__elasticnet,mcc,0.37263458881508355,0.1614559911208509,0.5590685333775156,200
early__svc__linear,accuracy,0.671549295774648,0.5633802816901409,0.7609154929577465,200
early__svc__linear,balanced_accuracy,0.6733888888888889,0.5658630952380952,0.7634226190476191,200
early__svc__linear,sensitivity,0.804,0.685,0.9142857142857143,200
early__svc__linear,specificity,0.5427777777777778,0.3888888888888889,0.6944444444444444,200
early__svc__linear,f1,0.70691226130359,0.6171296296296296,0.7948717948717948,200
early__svc__linear,roc_auc,0.7616904761904764,0.6563095238095238,0.868373015873016,200
early__svc__linear,pr_auc,0.743109130366457,0.6316952666503491,0.8571899801274846,200
early__svc__linear,mcc,0.36023752492991684,0.14065485866089492,0.5622125536196684,200
early__svc__poly2,accuracy,0.7275352112676056,0.6475352112676057,0.8309859154929577,200
early__svc__poly2,balanced_accuracy,0.7289543650793651,0.6477281746031746,0.8325396825396825,200
early__svc__poly2,sensitivity,0.8297142857142858,0.6857142857142857,0.9428571428571428,200
early__svc__poly2,specificity,0.6281944444444444,0.4722222222222222,0.7777777777777778,200
early__svc__poly2,f1,0.7500174718363283,0.6666666666666666,0.8461538461538461,200
early__svc__poly2,roc_auc,0.7418809523809523,0.6236507936507937,0.8447222222222223,200
early__svc__poly2,pr_auc,0.6934241724596827,0.5809898796844667,0.8272699472516852,200
early__svc__poly2,mcc,0.46893851495740696,0.2960100592182684,0.6803705434241152,200
early__svc__poly3,accuracy,0.7015492957746479,0.6056338028169014,0.8028169014084507,200
early__svc__poly3,balanced_accuracy,0.7033650793650793,0.6075396825396826,0.8039781746031747,200
early__svc__poly3,sensitivity,0.8322857142857143,0.7142857142857143,0.9428571428571428,200
early__svc__poly3,specificity,0.5744444444444444,0.3888888888888889,0.7222222222222222,200
early__svc__poly3,f1,0.7333058580370355,0.6499837662337663,0.819308001235712,200
early__svc__poly3,roc_auc,0.7591071428571428,0.6419642857142857,0.8580555555555556,200
early__svc__poly3,pr_auc,0.7262783950899597,0.6175760492533147,0.8479738336137236,200
early__svc__poly3,mcc,0.42196924522296864,0.22319840535017604,0.6223475979338293,200
early__svc__rbf,accuracy,0.7140845070422536,0.6193661971830986,0.8169014084507042,200
early__svc__rbf,balanced_accuracy,0.7153055555555556,0.619920634920635,0.8182638888888889,200
early__svc__rbf,sensitivity,0.8020000000000002,0.6857142857142857,0.9428571428571428,200
early__svc__rbf,specificity,0.6286111111111111,0.49930555555555556,0.75,200
early__svc__rbf,f1,0.7342982292084252,0.6491425241425242,0.8312756863389775,200
early__svc__rbf,roc_auc,0.7640198412698413,0.6475992063492063,0.863531746031746,200
early__svc__rbf,pr_auc,0.7463395935831049,0.6357296034231591,0.8663053452537932,200
early__svc__rbf,mcc,0.4383607825108443,0.2406044958360755,0.647612714526824,200
early__svc__sigmoid,accuracy,0.7279577464788732,0.6334507042253522,0.8313380281690141,200
early__svc__sigmoid,balanced_accuracy,0.7289821428571429,0.634593253968254,0.8328769841269842,200
early__svc__sigmoid,sensitivity,0.8017142857142858,0.6857142857142857,0.9428571428571428,200
early__svc__sigmoid,specificity,0.65625,0.5,0.8055555555555556,200
early__svc__sigmoid,f1,0.7437991195128171,0.6578947368421053,0.8463333333333334,200
early__svc__sigmoid,roc_auc,0.7789642857142858,0.6681944444444444,0.8809920634920635,200
early__svc__sigmoid,pr_auc,0.7496773208661054,0.6310934493220753,0.8752537328574052,200
early__svc__sigmoid,mcc,0.4646854159345433,0.27266032728113543,0.6808018379453017,200
middle__lr__l2,accuracy,0.7428169014084507,0.6338028169014085,0.8450704225352113,200
middle__lr__l2,balanced_accuracy,0.7440238095238095,0.635297619047619,0.8456349206349206,200
middle__lr__l2,sensitivity,0.8297142857142857,0.6857142857142857,0.9428571428571428,200
middle__lr__l2,specificity,0.6583333333333333,0.5,0.8055555555555556,200
middle__lr__l2,f1,0.760921438832252,0.6580059181325004,0.8493321917808219,200
middle__lr__l2,roc_auc,0.8161865079365078,0.7092063492063493,0.9007936507936508,200
middle__lr__l2,pr_auc,0.827449166034101,0.7234715343596214,0.9074557358564267,200
middle__lr__l2,mcc,0.49674861357592703,0.27669424582411245,0.6929216234127838,200
middle__lr__l1,accuracy,0.6479577464788733,0.5492957746478874,0.746830985915493,200
middle__lr__l1,balanced_accuracy,0.6497103174603174,0.5507837301587302,0.7491170634920635,200
middle__lr__l1,sensitivity,0.7741428571428571,0.6285714285714286,0.9142857142857143,200
middle__lr__l1,specificity,0.5252777777777777,0.3611111111111111,0.6944444444444444,200
middle__lr__l1,f1,0.684124626917966,0.5865833333333333,0.773375,200
middle__lr__l1,roc_auc,0.7820674603174602,0.6680952380952381,0.8826587301587303,200
middle__lr__l1,pr_auc,0.76008889279871,0.6257792549110021,0.8892956033873943,200
middle__lr__l1,mcc,0.31053946267955224,0.10387525920835644,0.5235315583129172,200
middle__lr__elasticnet,accuracy,0.7149295774647888,0.6056338028169014,0.8031690140845071,200
middle__lr__elasticnet,balanced_accuracy,0.7169424603174603,0.6087202380952381,0.8054861111111112,200
middle__lr__elasticnet,sensitivity,0.859857142857143,0.7428571428571429,0.9714285714285714,200
middle__lr__elasticnet,specificity,0.5740277777777778,0.4166666666666667,0.75,200
middle__lr__elasticnet,f1,0.748780645412673,0.6582195203197868,0.8293158061450744,200
middle__lr__elasticnet,roc_auc,0.7807857142857142,0.6649999999999999,0.8904960317460316,200
middle__lr__elasticnet,pr_auc,0.7525352696626686,0.6178582701585463,0.8902252536669095,200
middle__lr__elasticnet,mcc,0.45341098634116833,0.24150738272963598,0.6450985427090286,200
middle__svc__linear,accuracy,0.6721830985915492,0.5630281690140846,0.7746478873239436,200
middle__svc__linear,balanced_accuracy,0.6747480158730158,0.5647718253968254,0.776984126984127,200
middle__svc__linear,sensitivity,0.8568571428571429,0.7142857142857143,0.9714285714285714,200
middle__svc__linear,specificity,0.49263888888888885,0.36041666666666666,0.6666666666666666,200
middle__svc__linear,f1,0.7205154293552676,0.6171459694989107,0.8001219512195122,200
middle__svc__linear,roc_auc,0.7983968253968254,0.6989285714285713,0.8849404761904761,200
middle__svc__linear,pr_auc,0.8167539969965069,0.7131547757832362,0.8967606461604556,200
middle__svc__linear,mcc,0.3762972232096302,0.1337265147134572,0.5840553408514432,200
middle__svc__poly2,accuracy,0.7591549295774648,0.6616197183098592,0.8450704225352113,200
middle__svc__poly2,balanced_accuracy,0.761313492063492,0.6639285714285715,0.8468353174603175,200
middle__svc__poly2,sensitivity,0.9145714285714286,0.8,1.0,200
middle__svc__poly2,specificity,0.6080555555555555,0.4444444444444444,0.7506944444444446,200
middle__svc__poly2,f1,0.7897803889054924,0.7069180969587473,0.8608454446007189,200
middle__svc__poly2,roc_auc,0.8406428571428571,0.7441666666666666,0.9206547619047618,200
middle__svc__poly2,pr_auc,0.8545102044090683,0.7536598139967928,0.9263528282295581,200
middle__svc__poly2,mcc,0.54956762378305,0.3464334942500606,0.7145846450352489,200
middle__svc__poly3,accuracy,0.7983098591549296,0.704225352112676,0.8873239436619719,200
middle__svc__poly3,balanced_accuracy,0.7995396825396826,0.7051587301587301,0.8869146825396825,200
middle__svc__poly3,sensitivity,0.8868571428571431,0.7714285714285715,0.9714285714285714,200
middle__svc__poly3,specificity,0.7122222222222221,0.5833333333333334,0.8618055555555557,200
middle__svc__poly3,f1,0.8129815684413493,0.72,0.8857233273056058,200
middle__svc__poly3,roc_auc,0.8476388888888888,0.7507539682539682,0.9278373015873015,200
middle__svc__poly3,pr_auc,0.8580415823466879,0.7656536546230523,0.9266606887027912,200
middle__svc__poly3,mcc,0.6098080190578732,0.4136132358353235,0.7746295585798709,200
middle__svc__rbf,accuracy,0.7814084507042254,0.676056338028169,0.8591549295774648,200
middle__svc__rbf,balanced_accuracy,0.7828511904761905,0.678154761904762,0.8607142857142858,200
middle__svc__rbf,sensitivity,0.8852857142857143,0.7714285714285715,0.9714285714285714,200
middle__svc__rbf,specificity,0.6804166666666667,0.5277777777777778,0.8333333333333334,200
middle__svc__rbf,f1,0.7999420981726608,0.7041521858423266,0.8717948717948718,200
middle__svc__rbf,roc_auc,0.8426230158730158,0.7246031746031747,0.9238293650793651,200
middle__svc__rbf,pr_auc,0.8606480114324867,0.7639949671076933,0.9325235341697253,200
middle__svc__rbf,mcc,0.579369303161982,0.3726984434425077,0.7380153030698339,200
middle__svc__sigmoid,accuracy,0.7056338028169015,0.6056338028169014,0.8031690140845071,200
middle__svc__sigmoid,balanced_accuracy,0.7081170634920635,0.6087103174603176,0.8054761904761906,200
middle__svc__sigmoid,sensitivity,0.8844285714285715,0.7428571428571429,0.9714285714285714,200
middle__svc__sigmoid,specificity,0.5318055555555555,0.3888888888888889,0.6944444444444444,200
middle__svc__sigmoid,f1,0.7478294246058199,0.6580221518987341,0.8292682926829268,200
middle__svc__sigmoid,roc_auc,0.7646468253968254,0.659781746031746,0.8659325396825397,200
middle__svc__sigmoid,pr_auc,0.7519629496392284,0.6360847101108765,0.8635258050220725,200
middle__svc__sigmoid,mcc,0.44575069643855864,0.2413551522824144,0.6450398078485796,200
late__lr__l2,accuracy,0.5423239436619718,0.43661971830985913,0.6338028169014085,200
late__lr__l2,balanced_accuracy,0.5383492063492064,0.43214285714285716,0.6301686507936508,200
late__lr__l2,sensitivity,0.2561428571428571,0.14214285714285715,0.4,200
late__lr__l2,specificity,0.8205555555555556,0.6944444444444444,0.9444444444444444,200
late__lr__l2,f1,0.35195127520042563,0.1960545193687231,0.5172733077905493,200
late__lr__l2,roc_auc,0.5604345238095237,0.4387896825396826,0.696140873015873,200
late__lr__l2,pr_auc,0.5371793103139283,0.4594899316319098,0.635793893668739,200
late__lr__l2,mcc,0.09431863514231957,-0.17543860480112727,0.30731104656592667,200
late__lr__l1,accuracy,0.5283802816901408,0.43661971830985913,0.6197183098591549,200
late__lr__l1,balanced_accuracy,0.5242063492063492,0.43173611111111115,0.6159027777777778,200
late__lr__l1,sensitivity,0.22785714285714287,0.11428571428571428,0.37142857142857144,200
late__lr__l1,specificity,0.8205555555555556,0.6944444444444444,0.9444444444444444,200
late__lr__l1,f1,0.31837043979258284,0.16318367346938775,0.472946127946128,200
late__lr__l1,roc_auc,0.5673869047619048,0.44631944444444455,0.6883333333333335,200
late__lr__l1,pr_auc,0.5350544149437962,0.4637276063783831,0.627486441444654,200
late__lr__l1,mcc,0.06075230512741728,-0.18876456502755248,0.29020592217353186,200
late__lr__elasticnet,accuracy,0.535281690140845,0.4507042253521127,0.6341549295774649,200
late__lr__elasticnet,balanced_accuracy,0.5393630952380952,0.45395833333333335,0.6384325396825398,200
late__lr__elasticnet,sensitivity,0.8291428571428571,0.6857142857142857,0.9428571428571428,200
late__lr__elasticnet,specificity,0.24958333333333335,0.13819444444444445,0.3895833333333335,200
late__lr__elasticnet,f1,0.6371618168854947,0.5541545492314084,0.717434049829018,200
late__lr__elasticnet,roc_auc,0.5736130952380952,0.4533928571428571,0.693779761904762,200
late__lr__elasticnet,pr_auc,0.5601843777552665,0.46662172657824574,0.6503600777870587,200
late__lr__elasticnet,mcc,0.09762164663778589,-0.11610522652948593,0.34725379024220704,200
late__svc__linear,accuracy,0.535281690140845,0.4507042253521127,0.6341549295774649,200
late__svc__linear,balanced_accuracy,0.5393630952380952,0.45395833333333335,0.6384325396825398,200
late__svc__linear,sensitivity,0.8291428571428571,0.6857142857142857,0.9428571428571428,200
late__svc__linear,specificity,0.24958333333333335,0.13819444444444445,0.3895833333333335,200
late__svc__linear,f1,0.6371618168854947,0.5541545492314084,0.717434049829018,200
late__svc__linear,roc_auc,0.5581686507936507,0.4379761904761905,0.695327380952381,200
late__svc__linear,pr_auc,0.5350149139920393,0.45916155404301934,0.6343181392578469,200
late__svc__linear,mcc,0.09762164663778589,-0.11610522652948593,0.34725379024220704,200
late__svc__poly2,accuracy,0.535281690140845,0.4507042253521127,0.6341549295774649,200
late__svc__poly2,balanced_accuracy,0.5393630952380952,0.45395833333333335,0.6384325396825398,200
late__svc__poly2,sensitivity,0.8291428571428571,0.6857142857142857,0.9428571428571428,200
late__svc__poly2,specificity,0.24958333333333335,0.13819444444444445,0.3895833333333335,200
late__svc__poly2,f1,0.6371618168854947,0.5541545492314084,0.717434049829018,200
late__svc__poly2,roc_auc,0.5362400793650793,0.4232242063492064,0.6799305555555556,200
late__svc__poly2,pr_auc,0.5200974747550599,0.4530933520780724,0.6190570758821508,200
late__svc__poly2,mcc,0.09762164663778589,-0.11610522652948593,0.34725379024220704,200
late__svc__poly3,accuracy,0.5494366197183098,0.47852112676056335,0.6485915492957748,200
late__svc__poly3,balanced_accuracy,0.5537202380952381,0.4814384920634921,0.653045634920635,200
late__svc__poly3,sensitivity,0.8578571428571429,0.7142857142857143,0.9714285714285714,200
late__svc__poly3,specificity,0.24958333333333335,0.13819444444444445,0.3895833333333335,200
late__svc__poly3,f1,0.6522186671900003,0.5746305418719212,0.7294560404807083,200
late__svc__poly3,roc_auc,0.5604503968253968,0.4435515873015873,0.6788095238095239,200
late__svc__poly3,pr_auc,0.5381936256628596,0.46313241222681106,0.6189096941142287,200
late__svc__poly3,mcc,0.1361773442062755,-0.04833589428390471,0.3921464889562725,200
late__svc__rbf,accuracy,0.5494366197183098,0.47852112676056335,0.6485915492957748,200
late__svc__rbf,balanced_accuracy,0.5537202380952381,0.4814384920634921,0.653045634920635,200
late__svc__rbf,sensitivity,0.8578571428571429,0.7142857142857143,0.9714285714285714,200
late__svc__rbf,specificity,0.24958333333333335,0.13819444444444445,0.3895833333333335,200
late__svc__rbf,f1,0.6522186671900003,0.5746305418719212,0.7294560404807083,200
late__svc__rbf,roc_auc,0.5176488095238095,0.392797619047619,0.647063492063492,200
late__svc__rbf,pr_auc,0.5087200159716886,0.44015348692393047,0.5944702509599973,200
late__svc__rbf,mcc,0.1361773442062755,-0.04833589428390471,0.3921464889562725,200
late__svc__sigmoid,accuracy,0.5293661971830985,0.4362676056338028,0.6338028169014085,200
late__svc__sigmoid,balanced_accuracy,0.5259920634920634,0.43258928571428573,0.6313492063492063,200
late__svc__sigmoid,sensitivity,0.2864285714285715,0.17142857142857143,0.45714285714285713,200
late__svc__sigmoid,specificity,0.7655555555555555,0.6388888888888888,0.9166666666666666,200
late__svc__sigmoid,f1,0.3719506893374306,0.2222222222222222,0.5423728813559322,200
late__svc__sigmoid,roc_auc,0.5424146825396826,0.4261011904761905,0.6766468253968254,200
late__svc__sigmoid,pr_auc,0.5310078774329875,0.4549399444183465,0.6296300273175759,200
late__svc__sigmoid,mcc,0.06029364075115982,-0.15786084090142405,0.2905752016211902,200
early_middle__lr__l2,accuracy,0.7835211267605634,0.6901408450704225,0.8735915492957746,200
early_middle__lr__l2,balanced_accuracy,0.7853095238095239,0.6912599206349206,0.8749503968253969,200
early_middle__lr__l2,sensitivity,0.9122857142857143,0.8,1.0,200
early_middle__lr__l2,specificity,0.6583333333333333,0.5,0.8055555555555556,200
early_middle__lr__l2,f1,0.8064458231968635,0.715911306042885,0.8834073820915926,200
early_middle__lr__l2,roc_auc,0.8213015873015873,0.7179960317460318,0.90875,200
early_middle__lr__l2,pr_auc,0.8225184473808526,0.7207413968693891,0.908975775938213,200
early_middle__lr__l2,mcc,0.5908858719399206,0.3870867030283197,0.7626239290456744,200
early_middle__lr__l1,accuracy,0.7423239436619719,0.6197183098591549,0.8450704225352113,200
early_middle__lr__l1,balanced_accuracy,0.7443015873015874,0.6222123015873016,0.8452678571428571,200
early_middle__lr__l1,sensitivity,0.8847142857142859,0.7428571428571429,0.9714285714285714,200
early_middle__lr__l1,specificity,0.6038888888888888,0.4444444444444444,0.7506944444444446,200
early_middle__lr__l1,f1,0.772233061574091,0.6666666666666666,0.8501785714285715,200
early_middle__lr__l1,roc_auc,0.8037182539682539,0.7031547619047619,0.8993055555555555,200
early_middle__lr__l1,pr_auc,0.7980516700343085,0.6799562571192893,0.9029562345967161,200
early_middle__lr__l1,mcc,0.5103897278558682,0.26099184095908307,0.6913514008858433,200
early_middle__lr__elasticnet,accuracy,0.7286619718309859,0.6056338028169014,0.8309859154929577,200
early_middle__lr__elasticnet,balanced_accuracy,0.7304444444444446,0.6083234126984127,0.8325396825396825,200
early_middle__lr__elasticnet,sensitivity,0.8570000000000002,0.7142857142857143,0.9435714285714287,200
early_middle__lr__elasticnet,specificity,0.6038888888888888,0.4444444444444444,0.7506944444444446,200
early_middle__lr__elasticnet,f1,0.7571188417012471,0.6582278481012658,0.8461538461538461,200
early_middle__lr__elasticnet,roc_auc,0.813095238095238,0.7094444444444443,0.9032142857142856,200
early_middle__lr__elasticnet,pr_auc,0.8200847582626196,0.7242259105989947,0.9056802859168723,200
early_middle__lr__elasticnet,mcc,0.4777914342536134,0.23409150985362373,0.6803705434241152,200
early_middle__svc__linear,accuracy,0.7310563380281689,0.6193661971830986,0.8169014084507042,200
early_middle__svc__linear,balanced_accuracy,0.7331904761904761,0.6206845238095239,0.8186607142857143,200
early_middle__svc__linear,sensitivity,0.8847142857142859,0.7428571428571429,0.9714285714285714,200
early_middle__svc__linear,specificity,0.5816666666666667,0.4166666666666667,0.7506944444444446,200
early_middle__svc__linear,f1,0.7647018337215744,0.6580059181325004,0.8355029079712625,200
early_middle__svc__linear,roc_auc,0.8215079365079364,0.7250198412698412,0.9071825396825397,200
early_middle__svc__linear,pr_auc,0.8304401158727919,0.7295388098157587,0.9138030609433088,200
early_middle__svc__linear,mcc,0.4904994297218929,0.2455269002150764,0.6565883078081323,200
early_middle__svc__poly2,accuracy,0.7590140845070422,0.6338028169014085,0.8591549295774648,200
early_middle__svc__poly2,balanced_accuracy,0.7611428571428572,0.6368849206349206,0.8607142857142858,200
early_middle__svc__poly2,sensitivity,0.9122857142857143,0.8,1.0,200
early_middle__svc__poly2,specificity,0.61,0.4722222222222222,0.7777777777777778,200
early_middle__svc__poly2,f1,0.7891662424273769,0.6911472448057814,0.8717948717948718,200
early_middle__svc__poly2,roc_auc,0.8423373015873017,0.751468253968254,0.9246031746031745,200
early_middle__svc__poly2,pr_auc,0.8418657073896533,0.7345675191133011,0.9278428210362509,200
early_middle__svc__poly2,mcc,0.5483405291148127,0.3039069536112109,0.7380153030698339,200
early_middle__svc__poly3,accuracy,0.8407746478873238,0.7602112676056338,0.9154929577464789,200
early_middle__svc__poly3,balanced_accuracy,0.842186507936508,0.7611706349206349,0.9162698412698413,200
early_middle__svc__poly3,sensitivity,0.9424285714285715,0.8285714285714286,1.0,200
early_middle__svc__poly3,specificity,0.7419444444444445,0.6111111111111112,0.8888888888888888,200
early_middle__svc__poly3,f1,0.8542774915487158,0.7732771084337349,0.918918918918919,200
early_middle__svc__poly3,roc_auc,0.8525555555555556,0.7645833333333334,0.9270238095238096,200
early_middle__svc__poly3,pr_auc,0.8493309595061492,0.7520849163805562,0.9322860723670181,200
early_middle__svc__poly3,mcc,0.6991635839860569,0.5267223560417509,0.8365327015272389,200
early_middle__svc__rbf,accuracy,0.7519014084507043,0.647887323943662,0.8450704225352113,200
early_middle__svc__rbf,balanced_accuracy,0.7537539682539683,0.6488095238095238,0.846031746031746,200
early_middle__svc__rbf,sensitivity,0.8852857142857143,0.7714285714285715,0.9714285714285714,200
early_middle__svc__rbf,specificity,0.6222222222222222,0.4444444444444444,0.7777777777777778,200
early_middle__svc__rbf,f1,0.7790325906762997,0.6827286585365854,0.8533414634146342,200
early_middle__svc__rbf,roc_auc,0.8436666666666668,0.7189880952380953,0.9285912698412697,200
early_middle__svc__rbf,pr_auc,0.8583849798329308,0.7565904794632278,0.9302337034389769,200
early_middle__svc__rbf,mcc,0.5271388479417873,0.3000096004608246,0.6977966373804124,200
early_middle__svc__sigmoid,accuracy,0.7403521126760563,0.6334507042253522,0.8450704225352113,200
early_middle__svc__sigmoid,balanced_accuracy,0.7419781746031745,0.6342261904761904,0.8460416666666667,200
early_middle__svc__sigmoid,sensitivity,0.8574285714285714,0.7142857142857143,0.9714285714285714,200
early_middle__svc__sigmoid,specificity,0.6265277777777777,0.4444444444444444,0.7777777777777778,200
early_middle__svc__sigmoid,f1,0.7652735089312881,0.6664556962025316,0.8534285714285715,200
early_middle__svc__sigmoid,roc_auc,0.8292063492063493,0.7300992063492064,0.9166666666666666,200
early_middle__svc__sigmoid,pr_auc,0.8311701739212771,0.7280391097407835,0.9197130632290982,200
early_middle__svc__sigmoid,mcc,0.49869622216931425,0.2702956939736259,0.6977993089820722,200
middle_late__lr__l2,accuracy,0.7580985915492957,0.6616197183098592,0.8591549295774648,200
middle_late__lr__l2,balanced_accuracy,0.7590932539682538,0.6627281746031747,0.8595337301587302,200
middle_late__lr__l2,sensitivity,0.8297142857142857,0.6857142857142857,0.9428571428571428,200
middle_late__lr__l2,specificity,0.6884722222222223,0.5277777777777778,0.8333333333333334,200
middle_late__lr__l2,f1,0.7718421155409969,0.6835436193222784,0.861204954954955,200
middle_late__lr__l2,roc_auc,0.8040119047619048,0.6989484126984127,0.8906547619047619,200
middle_late__lr__l2,pr_auc,0.816199504689057,0.717862203694496,0.894213649362279,200
middle_late__lr__l2,mcc,0.5250492368609327,0.32932919984604847,0.7197108418765551,200
middle_late__lr__l1,accuracy,0.6761267605633803,0.5774647887323944,0.775,200
middle_late__lr__l1,balanced_accuracy,0.6778769841269842,0.5789484126984127,0.7757738095238096,200
middle_late__lr__l1,sensitivity,0.802142857142857,0.6564285714285715,0.9428571428571428,200
middle_late__lr__l1,specificity,0.5536111111111112,0.4166666666666667,0.7222222222222222,200
middle_late__lr__l1,f1,0.7093655791287502,0.6046033768716151,0.7951807228915663,200
middle_late__lr__l1,roc_auc,0.7850992063492064,0.6706150793650794,0.8865079365079365,200
middle_late__lr__l1,pr_auc,0.765981791218623,0.630815260533503,0.8965398176119576,200
middle_late__lr__l1,mcc,0.36862992067830197,0.1614559911208509,0.563042979294071,200
middle_late__lr__elasticnet,accuracy,0.6727464788732395,0.5633802816901409,0.7746478873239436,200
middle_late__lr__elasticnet,balanced_accuracy,0.6745079365079366,0.5658531746031746,0.7758035714285714,200
middle_late__lr__elasticnet,sensitivity,0.7995714285714286,0.6571428571428571,0.9142857142857143,200
middle_late__lr__elasticnet,specificity,0.5494444444444444,0.3888888888888889,0.7222222222222222,200
middle_late__lr__elasticnet,f1,0.7066328590911647,0.6132941176470588,0.7895998558038934,200
middle_late__lr__elasticnet,roc_auc,0.7911587301587301,0.6706349206349207,0.8881150793650794,200
middle_late__lr__elasticnet,pr_auc,0.7901737336515007,0.6720720705435925,0.8943577294437131,200
middle_late__lr__elasticnet,mcc,0.3616912117284637,0.14057917371908588,0.5584436416847964,200
middle_late__svc__linear,accuracy,0.7167605633802817,0.6052816901408451,0.8169014084507042,200
middle_late__svc__linear,balanced_accuracy,0.7190892857142858,0.6072222222222223,0.8186607142857143,200
middle_late__svc__linear,sensitivity,0.8844285714285715,0.7428571428571429,0.9714285714285714,200
middle_late__svc__linear,specificity,0.55375,0.41597222222222224,0.7229166666666668,200
middle_late__svc__linear,f1,0.7551384422710847,0.6583231707317073,0.8355029079712625,200
middle_late__svc__linear,roc_auc,0.8011388888888888,0.7038293650793651,0.8881150793650793,200
middle_late__svc__linear,pr_auc,0.81678938137611,0.7238515824759916,0.8940460577686571,200
middle_late__svc__linear,mcc,0.4650974120693246,0.22297362634729037,0.6565883078081323,200
middle_late__svc__poly2,accuracy,0.7708450704225354,0.6757042253521127,0.8591549295774648,200
middle_late__svc__poly2,balanced_accuracy,0.7720813492063492,0.6766468253968254,0.8603174603174604,200
middle_late__svc__poly2,sensitivity,0.859857142857143,0.7428571428571429,0.9714285714285714,200
middle_late__svc__poly2,specificity,0.6843055555555554,0.5548611111111111,0.8340277777777779,200
middle_late__svc__poly2,f1,0.7875988215877734,0.6933076923076923,0.868421052631579,200
middle_late__svc__poly2,roc_auc,0.8275158730158729,0.7226587301587302,0.9103571428571429,200
middle_late__svc__poly2,pr_auc,0.8378012539625389,0.737421094408943,0.9146393031667008,200
middle_late__svc__poly2,mcc,0.5541891902229871,0.35625368233311727,0.7293702083039783,200
middle_late__svc__poly3,accuracy,0.7694366197183098,0.676056338028169,0.8591549295774648,200
middle_late__svc__poly3,balanced_accuracy,0.7710674603174604,0.6773809523809524,0.8607242063492064,200
middle_late__svc__poly3,sensitivity,0.8868571428571431,0.7714285714285715,0.9714285714285714,200
middle_late__svc__poly3,specificity,0.6552777777777778,0.5270833333333333,0.8055555555555556,200
middle_late__svc__poly3,f1,0.7917379836739794,0.7012987012987013,0.8718750000000001,200
middle_late__svc__poly3,roc_auc,0.8379722222222221,0.7347817460317461,0.919861111111111,200
middle_late__svc__poly3,pr_auc,0.8466236983036068,0.7516689641607925,0.9215784029528491,200
middle_late__svc__poly3,mcc,0.5582638252135161,0.36082665014107407,0.738302055997577,200
middle_late__svc__rbf,accuracy,0.7672535211267606,0.6619718309859155,0.8454225352112676,200
middle_late__svc__rbf,balanced_accuracy,0.7688928571428572,0.6638591269841271,0.8471527777777779,200
middle_late__svc__rbf,sensitivity,0.8852857142857143,0.7714285714285715,0.9714285714285714,200
middle_late__svc__rbf,specificity,0.6525,0.4722222222222222,0.7784722222222223,200
middle_late__svc__rbf,f1,0.7897750555212368,0.6931232876712329,0.8608621279507356,200
middle_late__svc__rbf,roc_auc,0.8420873015873016,0.7261507936507937,0.9230952380952381,200
middle_late__svc__rbf,pr_auc,0.8591853415608864,0.7630855338202333,0.9338603081088801,200
middle_late__svc__rbf,mcc,0.5541496607354356,0.339821235694139,0.7145846450352489,200
middle_late__svc__sigmoid,accuracy,0.6920422535211267,0.5915492957746479,0.7890845070422535,200
middle_late__svc__sigmoid,balanced_accuracy,0.6943313492063493,0.5932440476190476,0.7912202380952381,200
middle_late__svc__sigmoid,sensitivity,0.8568571428571429,0.7142857142857143,0.9714285714285714,200
middle_late__svc__sigmoid,specificity,0.5318055555555555,0.3888888888888889,0.6944444444444444,200
middle_late__svc__sigmoid,f1,0.732882871395251,0.6341154677369558,0.8150694444444444,200
middle_late__svc__sigmoid,roc_auc,0.7652063492063492,0.6645436507936509,0.8730357142857142,200
middle_late__svc__sigmoid,pr_auc,0.7511743575946987,0.6259993741751558,0.8617820146658917,200
middle_late__svc__sigmoid,mcc,0.4122491566900578,0.19199687409227062,0.609523364812281,200
early_late__lr__l2,accuracy,0.6995070422535212,0.6056338028169014,0.7890845070422535,200
early_late__lr__l2,balanced_accuracy,0.700156746031746,0.6067261904761906,0.7904067460317461,200
early_late__lr__l2,sensitivity,0.7462857142857143,0.6,0.8857142857142857,200
early_late__lr__l2,specificity,0.6540277777777778,0.5,0.7777777777777778,200
early_late__lr__l2,f1,0.7092879860714278,0.6110507246376812,0.805203823953824,200
early_late__lr__l2,roc_auc,0.7526190476190476,0.6427976190476191,0.8526785714285715,200
early_late__lr__l2,pr_auc,0.7252944150005676,0.6072167410607517,0.8472409258858933,200
early_late__lr__l2,mcc,0.4040527881727421,0.21597977057080014,0.5904955497836373,200
early_late__lr__l1,accuracy,0.5572535211267605,0.4496478873239437,0.676056338028169,200
early_late__lr__l1,balanced_accuracy,0.5570734126984127,0.44821428571428573,0.6757936507936508,200
early_late__lr__l1,sensitivity,0.5442857142857143,0.4,0.7142857142857143,200
early_late__lr__l1,specificity,0.5698611111111112,0.3888888888888889,0.7222222222222222,200
early_late__lr__l1,f1,0.5461096949712893,0.41656746031746034,0.675685192234488,200
early_late__lr__l1,roc_auc,0.6515257936507938,0.5147222222222223,0.7596428571428572,200
early_late__lr__l1,pr_auc,0.6036671709633119,0.5033784124224799,0.7128927992121715,200
early_late__lr__l1,mcc,0.11495371838140735,-0.1058903163015677,0.3518666717558053,200
early_late__lr__elasticnet,accuracy,0.6832394366197184,0.5774647887323944,0.775,200
early_late__lr__elasticnet,balanced_accuracy,0.6840654761904762,0.5789484126984127,0.7761507936507936,200
early_late__lr__elasticnet,sensitivity,0.7427142857142858,0.5714285714285714,0.8857142857142857,200
early_late__lr__elasticnet,specificity,0.6254166666666666,0.4722222222222222,0.7777777777777778,200
early_late__lr__elasticnet,f1,0.697397947081318,0.5797101449275363,0.7898667122351334,200
early_late__lr__elasticnet,roc_auc,0.726063492063492,0.6038888888888889,0.8318055555555556,200
early_late__lr__elasticnet,pr_auc,0.679201322843949,0.5621300706605328,0.8065507773784162,200
early_late__lr__elasticnet,mcc,0.37263458881508355,0.1614559911208509,0.5590685333775156,200
early_late__svc__linear,accuracy,0.671549295774648,0.5633802816901409,0.7609154929577465,200
early_late__svc__linear,balanced_accuracy,0.6733888888888889,0.5658630952380952,0.7634226190476191,200
early_late__svc__linear,sensitivity,0.804,0.685,0.9142857142857143,200
early_late__svc__linear,specificity,0.5427777777777778,0.3888888888888889,0.6944444444444444,200
early_late__svc__linear,f1,0.70691226130359,0.6171296296296296,0.7948717948717948,200
early_late__svc__linear,roc_auc,0.7629563492063492,0.6649801587301588,0.8645436507936508,200
early_late__svc__linear,pr_auc,0.747032335930399,0.63702632040048,0.8641775803970261,200
early_late__svc__linear,mcc,0.36023752492991684,0.14065485866089492,0.5622125536196684,200
early_late__svc__poly2,accuracy,0.7012676056338029,0.5915492957746479,0.8169014084507042,200
early_late__svc__poly2,balanced_accuracy,0.702688492063492,0.593640873015873,0.8174801587301587,200
early_late__svc__poly2,sensitivity,0.8035714285714286,0.6571428571428571,0.9150000000000001,200
early_late__svc__poly2,specificity,0.6018055555555556,0.4444444444444444,0.7777777777777778,200
early_late__svc__poly2,f1,0.7261045137585657,0.6315037593984962,0.8221490837929194,200
early_late__svc__poly2,roc_auc,0.7285892857142858,0.6029365079365079,0.8360515873015874,200
early_late__svc__poly2,pr_auc,0.6960545557659514,0.5773244124038655,0.8326106056310548,200
early_late__svc__poly2,mcc,0.4153915017755277,0.19595548954117645,0.6367115569934848,200
early_late__svc__poly3,accuracy,0.7141549295774646,0.6197183098591549,0.8172535211267606,200
early_late__svc__poly3,balanced_accuracy,0.7157599206349207,0.620625,0.8189781746031747,200
early_late__svc__poly3,sensitivity,0.8297142857142858,0.6857142857142857,0.9428571428571428,200
early_late__svc__poly3,specificity,0.6018055555555556,0.4444444444444444,0.7777777777777778,200
early_late__svc__poly3,f1,0.7411298033400331,0.6573296566447251,0.8355029079712625,200
early_late__svc__poly3,roc_auc,0.745404761904762,0.6251785714285715,0.8575198412698413,200
early_late__svc__poly3,pr_auc,0.7303870445877226,0.6052989148468414,0.8599306239998417,200
early_late__svc__poly3,mcc,0.44457054716160377,0.24316992895352074,0.6565883078081323,200
early_late__svc__rbf,accuracy,0.7132394366197183,0.6056338028169014,0.8172535211267606,200
early_late__svc__rbf,balanced_accuracy,0.7136547619047618,0.607123015873016,0.8185912698412698,200
early_late__svc__rbf,sensitivity,0.7431428571428572,0.6,0.8864285714285716,200
early_late__svc__rbf,specificity,0.6841666666666666,0.5555555555555556,0.8062500000000001,200
early_late__svc__rbf,f1,0.718098062106304,0.6196665285832642,0.8313355563355564,200
early_late__svc__rbf,roc_auc,0.7652619047619047,0.6420634920634921,0.8714880952380952,200
early_late__svc__rbf,pr_auc,0.7493720683510148,0.6197293138010388,0.8740311586225602,200
early_late__svc__rbf,mcc,0.42985913550432314,0.21907511847248168,0.6478713296568879,200
early_late__svc__sigmoid,accuracy,0.7279577464788732,0.6334507042253522,0.8313380281690141,200
early_late__svc__sigmoid,balanced_accuracy,0.7289821428571429,0.634593253968254,0.8328769841269842,200
early_late__svc__sigmoid,sensitivity,0.8017142857142858,0.6857142857142857,0.9428571428571428,200
early_late__svc__sigmoid,specificity,0.65625,0.5,0.8055555555555556,200
early_late__svc__sigmoid,f1,0.7437991195128171,0.6578947368421053,0.8463333333333334,200
early_late__svc__sigmoid,roc_auc,0.7764603174603175,0.6712301587301587,0.8762698412698413,200
early_late__svc__sigmoid,pr_auc,0.7543517876853579,0.6335182256500855,0.8674195882982827,200
early_late__svc__sigmoid,mcc,0.4646854159345433,0.27266032728113543,0.6808018379453017,200
all__lr__l2,accuracy,0.7702112676056339,0.6757042253521127,0.8591549295774648,200
all__lr__l2,balanced_accuracy,0.7718095238095236,0.6762797619047619,0.8607142857142858,200
all__lr__l2,sensitivity,0.8852857142857143,0.7714285714285715,0.9714285714285714,200
all__lr__l2,specificity,0.6583333333333333,0.5,0.8055555555555556,200
all__lr__l2,f1,0.7919027556584021,0.7008895214374666,0.8717948717948718,200
all__lr__l2,roc_auc,0.8216865079365079,0.7220238095238095,0.9071626984126984,200
all__lr__l2,pr_auc,0.8198190166316425,0.7187516152194808,0.9110740885138278,200
all__lr__l2,mcc,0.5594132674987756,0.35384966258273925,0.7380153030698339,200
all__lr__l1,accuracy,0.7423239436619719,0.6197183098591549,0.8450704225352113,200
all__lr__l1,balanced_accuracy,0.7443015873015874,0.6222123015873016,0.8452678571428571,200
all__lr__l1,sensitivity,0.8847142857142859,0.7428571428571429,0.9714285714285714,200
all__lr__l1,specificity,0.6038888888888888,0.4444444444444444,0.7506944444444446,200
all__lr__l1,f1,0.772233061574091,0.6666666666666666,0.8501785714285715,200
all__lr__l1,roc_auc,0.7999444444444443,0.6975595238095238,0.9008134920634919,200
all__lr__l1,pr_auc,0.79414775904099,0.6681770926124228,0.9010945384590386,200
all__lr__l1,mcc,0.5103897278558682,0.26099184095908307,0.6913514008858433,200
all__lr__elasticnet,accuracy,0.7282394366197182,0.6197183098591549,0.8309859154929577,200
all__lr__elasticnet,balanced_accuracy,0.7296527777777777,0.6206349206349207,0.8317460317460317,200
all__lr__elasticnet,sensitivity,0.83,0.6857142857142857,0.9428571428571428,200
all__lr__elasticnet,specificity,0.6293055555555556,0.4722222222222222,0.7777777777777778,200
all__lr__elasticnet,f1,0.7507623020795674,0.64,0.8378378378378378,200
all__lr__elasticnet,roc_auc,0.8116547619047618,0.7078571428571429,0.9023809523809524,200
all__lr__elasticnet,pr_auc,0.8124975123533784,0.7073385539293681,0.9051347307732993,200
all__lr__elasticnet,mcc,0.4704971198775131,0.24320778277357513,0.6666742978806213,200
all__svc__linear,accuracy,0.7310563380281689,0.6193661971830986,0.8169014084507042,200
all__svc__linear,balanced_accuracy,0.7331904761904761,0.6206845238095239,0.8186607142857143,200
all__svc__linear,sensitivity,0.8847142857142859,0.7428571428571429,0.9714285714285714,200
all__svc__linear,specificity,0.5816666666666667,0.4166666666666667,0.7506944444444446,200
all__svc__linear,f1,0.7647018337215744,0.6580059181325004,0.8355029079712625,200
all__svc__linear,roc_auc,0.8195714285714285,0.7196825396825397,0.9031746031746032,200
all__svc__linear,pr_auc,0.824926171805429,0.726566142778081,0.9146714629828003,200
all__svc__linear,mcc,0.4904994297218929,0.2455269002150764,0.6565883078081323,200
all__svc__poly2,accuracy,0.7723943661971832,0.676056338028169,0.8591549295774648,200
all__svc__poly2,balanced_accuracy,0.7739623015873015,0.6773611111111112,0.860327380952381,200
all__svc__poly2,sensitivity,0.8852857142857143,0.7714285714285715,0.9714285714285714,200
all__svc__poly2,specificity,0.6626388888888889,0.5277777777777778,0.8333333333333334,200
all__svc__poly2,f1,0.7934775395180754,0.7012987012987013,0.8685053981106613,200
all__svc__poly2,roc_auc,0.8405039682539683,0.7435912698412699,0.9206944444444444,200
all__svc__poly2,pr_auc,0.838755099359864,0.7446924881539468,0.9232659862244328,200
all__svc__poly2,mcc,0.5633360097851354,0.36065644664353713,0.7295863356731247,200
all__svc__poly3,accuracy,0.7996478873239437,0.704225352112676,0.8732394366197183,200
all__svc__poly3,balanced_accuracy,0.8008710317460316,0.7051587301587301,0.8746130952380953,200
all__svc__poly3,sensitivity,0.8877142857142859,0.7714285714285715,0.9714285714285714,200
all__svc__poly3,specificity,0.7140277777777778,0.5833333333333334,0.8611111111111112,200
all__svc__poly3,f1,0.8141762332043772,0.7228192771084337,0.8831908597731383,200
all__svc__poly3,roc_auc,0.8465357142857143,0.7559722222222222,0.9238293650793651,200
all__svc__poly3,pr_auc,0.8439443419888153,0.7474440060883498,0.9286286219827103,200
all__svc__poly3,mcc,0.6121818194824915,0.4136132358353235,0.7622736919342187,200
all__svc__rbf,accuracy,0.7530281690140845,0.6338028169014085,0.8450704225352113,200
all__svc__rbf,balanced_accuracy,0.7548650793650793,0.6361011904761904,0.8464384920634921,200
all__svc__rbf,sensitivity,0.8852857142857143,0.7714285714285715,0.9714285714285714,200
all__svc__rbf,specificity,0.6244444444444445,0.4708333333333333,0.7777777777777778,200
all__svc__rbf,f1,0.7799008281169852,0.6753165584415585,0.8572332730560578,200
all__svc__rbf,roc_auc,0.8429404761904762,0.7197817460317462,0.9262103174603175,200
all__svc__rbf,pr_auc,0.8569490857269213,0.7522850132657218,0.9307582068914291,200
all__svc__rbf,mcc,0.5290101315321489,0.28755869261720274,0.7049432032305213,200
all__svc__sigmoid,accuracy,0.754718309859155,0.6475352112676057,0.8591549295774648,200
all__svc__sigmoid,balanced_accuracy,0.7561448412698413,0.6481150793650794,0.8599305555555556,200
all__svc__sigmoid,sensitivity,0.8574285714285714,0.7142857142857143,0.9714285714285714,200
all__svc__sigmoid,specificity,0.6548611111111111,0.5,0.8055555555555556,200
all__svc__sigmoid,f1,0.7752936344727831,0.6748972546440901,0.8649537695590328,200
all__svc__sigmoid,roc_auc,0.8198809523809524,0.7211507936507936,0.9072420634920635,200
all__svc__sigmoid,pr_auc,0.8227600097784671,0.7239312633635323,0.9125309768373439,200
all__svc__sigmoid,mcc,0.5244647687282631,0.29747539843028,0.7234456768263561,200
stage_activation_summary__lr__l2,accuracy,0.5138028169014085,0.39436619718309857,0.6338028169014085,200
stage_activation_summary__lr__l2,balanced_accuracy,0.5146130952380953,0.3956150793650794,0.6353174603174603,200
stage_activation_summary__lr__l2,sensitivity,0.5721428571428571,0.4,0.7428571428571429,200
stage_activation_summary__lr__l2,specificity,0.45708333333333334,0.3055555555555556,0.6388888888888888,200
stage_activation_summary__lr__l2,f1,0.5350641793509738,0.41053341635533414,0.6666666666666666,200
stage_activation_summary__lr__l2,roc_auc,0.5336765873015872,0.40395833333333336,0.6762599206349207,200
stage_activation_summary__lr__l2,pr_auc,0.5194285441521241,0.4327416043371354,0.6380490694268571,200
stage_activation_summary__lr__l2,mcc,0.029898019687580733,-0.21082001171571493,0.27685722590408507,200
stage_activation_summary__lr__l1,accuracy,0.5283802816901408,0.4225352112676056,0.647887323943662,200
stage_activation_summary__lr__l1,balanced_accuracy,0.5282202380952381,0.4218154761904762,0.6476289682539682,200
stage_activation_summary__lr__l1,sensitivity,0.5168571428571428,0.3707142857142857,0.7142857142857143,200
stage_activation_summary__lr__l1,specificity,0.5395833333333333,0.3888888888888889,0.6666666666666666,200
stage_activation_summary__lr__l1,f1,0.5167856167708215,0.3888681592039801,0.6493668831168831,200
stage_activation_summary__lr__l1,roc_auc,0.5228829365079365,0.3916468253968254,0.6667162698412699,200
stage_activation_summary__lr__l1,pr_auc,0.518946982909387,0.4256989815439845,0.6421117043551625,200
stage_activation_summary__lr__l1,mcc,0.056926530537880354,-0.1571478019821222,0.2954866668919462,200
stage_activation_summary__lr__elasticnet,accuracy,0.485,0.36619718309859156,0.6197183098591549,200
stage_activation_summary__lr__elasticnet,balanced_accuracy,0.48621031746031745,0.3670634920634921,0.6202480158730159,200
stage_activation_summary__lr__elasticnet,sensitivity,0.5721428571428571,0.4,0.7428571428571429,200
stage_activation_summary__lr__elasticnet,specificity,0.40027777777777773,0.25,0.5555555555555556,200
stage_activation_summary__lr__elasticnet,f1,0.520707610390619,0.39442724458204337,0.6400256410256411,200
stage_activation_summary__lr__elasticnet,roc_auc,0.5255416666666667,0.3933134920634921,0.6640575396825397,200
stage_activation_summary__lr__elasticnet,pr_auc,0.517349916025042,0.42739341186355195,0.6385400529385544,200
stage_activation_summary__lr__elasticnet,mcc,-0.027834399690502984,-0.2721765724306311,0.24110473027166046,200
stage_activation_summary__svc__linear,accuracy,0.5287323943661972,0.4084507042253521,0.6619718309859155,200
stage_activation_summary__svc__linear,balanced_accuracy,0.5297559523809524,0.4095238095238095,0.6623015873015873,200
stage_activation_summary__svc__linear,sensitivity,0.6024285714285714,0.42857142857142855,0.7435714285714288,200
stage_activation_summary__svc__linear,specificity,0.45708333333333334,0.3055555555555556,0.6388888888888888,200
stage_activation_summary__svc__linear,f1,0.5561047814599929,0.4323359073359074,0.675016891891892,200
stage_activation_summary__svc__linear,roc_auc,0.5345773809523809,0.4014484126984127,0.6778472222222222,200
stage_activation_summary__svc__linear,pr_auc,0.5316026532657518,0.4384440684691115,0.6567105634937777,200
stage_activation_summary__svc__linear,mcc,0.06075340102024351,-0.18314582323051437,0.3248611032689038,200
stage_activation_summary__svc__poly2,accuracy,0.47316901408450707,0.36619718309859156,0.5915492957746479,200
stage_activation_summary__svc__poly2,balanced_accuracy,0.4757678571428572,0.3690178571428571,0.5940575396825397,200
stage_activation_summary__svc__poly2,sensitivity,0.6602857142857144,0.5135714285714286,0.8,200
stage_activation_summary__svc__poly2,specificity,0.29125,0.16597222222222222,0.4444444444444444,200
stage_activation_summary__svc__poly2,f1,0.5518019271278392,0.45561332127787824,0.6513543091655267,200
stage_activation_summary__svc__poly2,roc_auc,0.5316884920634921,0.398452380952381,0.6638392857142857,200
stage_activation_summary__svc__poly2,pr_auc,0.5761249819497735,0.4629333009724179,0.7064695339283935,200
stage_activation_summary__svc__poly2,mcc,-0.0525355121687563,-0.28690229202651557,0.20109491134356985,200
stage_activation_summary__svc__poly3,accuracy,0.5015492957746478,0.39436619718309857,0.6197183098591549,200
stage_activation_summary__svc__poly3,balanced_accuracy,0.5041388888888889,0.3964186507936508,0.6218452380952381,200
stage_activation_summary__svc__poly3,sensitivity,0.6879999999999998,0.5428571428571428,0.8285714285714286,200
stage_activation_summary__svc__poly3,specificity,0.3202777777777778,0.16666666666666666,0.4722222222222222,200
stage_activation_summary__svc__poly3,f1,0.5755472425492679,0.46909571909571907,0.6743621943159287,200
stage_activation_summary__svc__poly3,roc_auc,0.5454702380952381,0.4037599206349206,0.6917361111111111,200
stage_activation_summary__svc__poly3,pr_auc,0.5596370976625803,0.4517329111801166,0.7072493422447379,200
stage_activation_summary__svc__poly3,mcc,0.008892047246956837,-0.21128021302784342,0.2553777645911246,200
stage_activation_summary__svc__rbf,accuracy,0.4869718309859155,0.38028169014084506,0.6056338028169014,200
stage_activation_summary__svc__rbf,balanced_accuracy,0.4893452380952381,0.3817460317460317,0.606765873015873,200
stage_activation_summary__svc__rbf,sensitivity,0.6578571428571428,0.4857142857142857,0.8007142857142859,200
stage_activation_summary__svc__rbf,specificity,0.32083333333333336,0.19375,0.4729166666666668,200
stage_activation_summary__svc__rbf,f1,0.557191039362774,0.4382946961714085,0.6520599250936331,200
stage_activation_summary__svc__rbf,roc_auc,0.5381666666666667,0.39866071428571426,0.6742063492063491,200
stage_activation_summary__svc__rbf,pr_auc,0.5624399618807432,0.44538413869997123,0.6901444630827986,200
stage_activation_summary__svc__rbf,mcc,-0.022507954035138375,-0.24194561090738226,0.21625790218543495,200
stage_activation_summary__svc__sigmoid,accuracy,0.5073239436619719,0.39436619718309857,0.6200704225352113,200
stage_activation_summary__svc__sigmoid,balanced_accuracy,0.5074444444444444,0.3944345238095239,0.6205753968253969,200
stage_activation_summary__svc__sigmoid,sensitivity,0.5159999999999999,0.34214285714285714,0.6857142857142857,200
stage_activation_summary__svc__sigmoid,specificity,0.49888888888888894,0.3611111111111111,0.6388888888888888,200
stage_activation_summary__svc__sigmoid,f1,0.5056877440901522,0.3528478057889823,0.6303557838660578,200
stage_activation_summary__svc__sigmoid,roc_auc,0.5440416666666666,0.40808531746031745,0.6746230158730159,200
stage_activation_summary__svc__sigmoid,pr_auc,0.5423885877151968,0.44533701920667085,0.6611842222373875,200
stage_activation_summary__svc__sigmoid,mcc,0.014958378665656915,-0.21113516185245298,0.24171104363882917,200
early_middle_scale__lr__l2,accuracy,0.7697887323943661,0.6619718309859155,0.8732394366197183,200
early_middle_scale__lr__l2,balanced_accuracy,0.7713809523809523,0.6642857142857144,0.8734325396825396,200
early_middle_scale__lr__l2,sensitivity,0.8844285714285715,0.7428571428571429,0.9714285714285714,200
early_middle_scale__lr__l2,specificity,0.6583333333333333,0.5,0.8055555555555556,200
early_middle_scale__lr__l2,f1,0.7914111155144031,0.6998333333333333,0.8734084507042253,200
early_middle_scale__lr__l2,roc_auc,0.8306468253968253,0.7289880952380953,0.9166865079365079,200
early_middle_scale__lr__l2,pr_auc,0.8335765270707334,0.7377446131640351,0.9235151338291218,200
early_middle_scale__lr__l2,mcc,0.558292638040137,0.3472646039652951,0.7470153654537325,200
early_middle_scale__lr__l1,accuracy,0.7423239436619719,0.6197183098591549,0.8450704225352113,200
early_middle_scale__lr__l1,balanced_accuracy,0.7443015873015874,0.6222123015873016,0.8452678571428571,200
early_middle_scale__lr__l1,sensitivity,0.8847142857142859,0.7428571428571429,0.9714285714285714,200
early_middle_scale__lr__l1,specificity,0.6038888888888888,0.4444444444444444,0.7506944444444446,200
early_middle_scale__lr__l1,f1,0.772233061574091,0.6666666666666666,0.8501785714285715,200
early_middle_scale__lr__l1,roc_auc,0.8038214285714286,0.7038690476190476,0.900813492063492,200
early_middle_scale__lr__l1,pr_auc,0.7968850492123579,0.6768412535421008,0.8995058287525604,200
early_middle_scale__lr__l1,mcc,0.5103897278558682,0.26099184095908307,0.6913514008858433,200
early_middle_scale__lr__elasticnet,accuracy,0.7286619718309859,0.6056338028169014,0.8309859154929577,200
early_middle_scale__lr__elasticnet,balanced_accuracy,0.7304444444444446,0.6083234126984127,0.8325396825396825,200
early_middle_scale__lr__elasticnet,sensitivity,0.8570000000000002,0.7142857142857143,0.9435714285714287,200
early_middle_scale__lr__elasticnet,specificity,0.6038888888888888,0.4444444444444444,0.7506944444444446,200
early_middle_scale__lr__elasticnet,f1,0.7571188417012471,0.6582278481012658,0.8461538461538461,200
early_middle_scale__lr__elasticnet,roc_auc,0.8138888888888889,0.7094841269841269,0.9032142857142856,200
early_middle_scale__lr__elasticnet,pr_auc,0.8215720847220104,0.7281653045383887,0.906773469067114,200
early_middle_scale__lr__elasticnet,mcc,0.4777914342536134,0.23409150985362373,0.6803705434241152,200
early_middle_scale__svc__linear,accuracy,0.716338028169014,0.5915492957746479,0.8169014084507042,200
early_middle_scale__svc__linear,balanced_accuracy,0.7186765873015872,0.593640873015873,0.8178769841269841,200
early_middle_scale__svc__linear,sensitivity,0.8847142857142859,0.7428571428571429,0.9714285714285714,200
early_middle_scale__svc__linear,specificity,0.5526388888888889,0.3888888888888889,0.7222222222222222,200
early_middle_scale__svc__linear,f1,0.754945383163459,0.6497993827160494,0.8294226613152207,200
early_middle_scale__svc__linear,roc_auc,0.8251587301587301,0.7235119047619047,0.915079365079365,200
early_middle_scale__svc__linear,pr_auc,0.8325868653621302,0.7324903921040348,0.9233414212831076,200
early_middle_scale__svc__linear,mcc,0.4646654261556006,0.19595548954117645,0.6453220549693169,200
early_middle_scale__svc__poly2,accuracy,0.772112676056338,0.647887323943662,0.8732394366197183,200
early_middle_scale__svc__poly2,balanced_accuracy,0.7740595238095238,0.65,0.8742162698412699,200
early_middle_scale__svc__poly2,sensitivity,0.9122857142857143,0.8,1.0,200
early_middle_scale__svc__poly2,specificity,0.6358333333333333,0.4722222222222222,0.8055555555555556,200
early_middle_scale__svc__poly2,f1,0.798294394379194,0.691358024691358,0.8800779220779221,200
early_middle_scale__svc__poly2,roc_auc,0.8336031746031746,0.7427777777777778,0.9191269841269841,200
early_middle_scale__svc__poly2,pr_auc,0.8247160724839404,0.723296178565303,0.9252029682353692,200
early_middle_scale__svc__poly2,mcc,0.5708990207066548,0.3140202153559129,0.7546138939877678,200
early_middle_scale__svc__poly3,accuracy,0.8407746478873238,0.7602112676056338,0.9154929577464789,200
early_middle_scale__svc__poly3,balanced_accuracy,0.842186507936508,0.7611706349206349,0.9162698412698413,200
early_middle_scale__svc__poly3,sensitivity,0.9424285714285715,0.8285714285714286,1.0,200
early_middle_scale__svc__poly3,specificity,0.7419444444444445,0.6111111111111112,0.8888888888888888,200
early_middle_scale__svc__poly3,f1,0.8542774915487158,0.7732771084337349,0.918918918918919,200
early_middle_scale__svc__poly3,roc_auc,0.8455357142857143,0.7536309523809523,0.9254563492063492,200
early_middle_scale__svc__poly3,pr_auc,0.8367958643583674,0.7326731708175742,0.9295519996234699,200
early_middle_scale__svc__poly3,mcc,0.6991635839860569,0.5267223560417509,0.8365327015272389,200
early_middle_scale__svc__rbf,accuracy,0.7391549295774648,0.6334507042253522,0.8309859154929577,200
early_middle_scale__svc__rbf,balanced_accuracy,0.7411845238095239,0.6346130952380952,0.8321428571428571,200
early_middle_scale__svc__rbf,sensitivity,0.8852857142857143,0.7714285714285715,0.9714285714285714,200
early_middle_scale__svc__rbf,specificity,0.5970833333333333,0.41597222222222224,0.75,200
early_middle_scale__svc__rbf,f1,0.7702754621886654,0.6666666666666666,0.8421369689283449,200
early_middle_scale__svc__rbf,roc_auc,0.8461825396825396,0.722202380952381,0.9333333333333333,200
early_middle_scale__svc__rbf,pr_auc,0.8626420571003038,0.7633182666696542,0.936993277553532,200
early_middle_scale__svc__rbf,mcc,0.5047177437733946,0.2730005095593889,0.672592927390448,200
early_middle_scale__svc__sigmoid,accuracy,0.7538028169014085,0.647887323943662,0.8450704225352113,200
early_middle_scale__svc__sigmoid,balanced_accuracy,0.7552420634920636,0.649593253968254,0.8460416666666667,200
early_middle_scale__svc__sigmoid,sensitivity,0.8574285714285714,0.7142857142857143,0.9714285714285714,200
early_middle_scale__svc__sigmoid,specificity,0.6530555555555556,0.5,0.7777777777777778,200
early_middle_scale__svc__sigmoid,f1,0.7746595499066038,0.6760380464605816,0.8534285714285715,200
early_middle_scale__svc__sigmoid,roc_auc,0.8231706349206348,0.720575396825397,0.9096031746031746,200
early_middle_scale__svc__sigmoid,pr_auc,0.8231300982584906,0.7169707282885478,0.9134219976886566,200
early_middle_scale__svc__sigmoid,mcc,0.5230583305430039,0.308024200673648,0.6977993089820722,200
middle_late_scale__lr__l2,accuracy,0.7578873239436619,0.6757042253521127,0.8591549295774648,200
middle_late_scale__lr__l2,balanced_accuracy,0.7593035714285715,0.6766468253968254,0.8595436507936508,200
middle_late_scale__lr__l2,sensitivity,0.859857142857143,0.7428571428571429,0.9714285714285714,200
middle_late_scale__lr__l2,specificity,0.65875,0.5,0.8333333333333334,200
middle_late_scale__lr__l2,f1,0.7782273716326336,0.6933076923076923,0.8612938596491229,200
middle_late_scale__lr__l2,roc_auc,0.8226626984126985,0.7157539682539683,0.9111507936507937,200
middle_late_scale__lr__l2,pr_auc,0.8152324311867684,0.7100326908059695,0.9142488745418855,200
middle_late_scale__lr__l2,mcc,0.5307083796757345,0.35625368233311727,0.719862752940084,200
middle_late_scale__lr__l1,accuracy,0.6894366197183097,0.6056338028169014,0.7887323943661971,200
middle_late_scale__lr__l1,balanced_accuracy,0.6913809523809524,0.6067361111111111,0.7908730158730158,200
middle_late_scale__lr__l1,sensitivity,0.8294285714285715,0.6857142857142857,0.9428571428571428,200
middle_late_scale__lr__l1,specificity,0.5533333333333332,0.38819444444444445,0.695138888888889,200
middle_late_scale__lr__l1,f1,0.7248137963971376,0.6490891053391054,0.8148148148148148,200
middle_late_scale__lr__l1,roc_auc,0.7915476190476189,0.6729761904761904,0.8921230158730159,200
middle_late_scale__lr__l1,pr_auc,0.763494032754926,0.6376877963841798,0.8962420483431625,200
middle_late_scale__lr__l1,mcc,0.39967589447336943,0.21602090592225487,0.6089333805711221,200
middle_late_scale__lr__elasticnet,accuracy,0.6875352112676056,0.5774647887323944,0.7887323943661971,200
middle_late_scale__lr__elasticnet,balanced_accuracy,0.6890912698412699,0.5793551587301586,0.7881150793650794,200
middle_late_scale__lr__elasticnet,sensitivity,0.7995714285714286,0.6571428571428571,0.9142857142857143,200
middle_late_scale__lr__elasticnet,specificity,0.5786111111111112,0.4166666666666667,0.7222222222222222,200
middle_late_scale__lr__elasticnet,f1,0.7161508114767554,0.6175904977375566,0.7948717948717948,200
middle_late_scale__lr__elasticnet,roc_auc,0.8090515873015872,0.6973214285714286,0.8968650793650793,200
middle_late_scale__lr__elasticnet,pr_auc,0.8142633137806616,0.7087787883605315,0.9051454772842449,200
middle_late_scale__lr__elasticnet,mcc,0.3891248061661342,0.16464321127522147,0.5789539955279079,200
middle_late_scale__svc__linear,accuracy,0.7453521126760563,0.647887323943662,0.8313380281690141,200
middle_late_scale__svc__linear,balanced_accuracy,0.7477023809523808,0.6503869047619047,0.8336507936507936,200
middle_late_scale__svc__linear,sensitivity,0.9145714285714286,0.8,1.0,200
middle_late_scale__svc__linear,specificity,0.5808333333333333,0.4166666666666667,0.75,200
middle_late_scale__svc__linear,f1,0.7803705524082748,0.6986092518221032,0.8533414634146342,200
middle_late_scale__svc__linear,roc_auc,0.8203253968253967,0.7229166666666667,0.9088095238095238,200
middle_late_scale__svc__linear,pr_auc,0.814407464315029,0.7045697047157217,0.9106576137139843,200
middle_late_scale__svc__linear,mcc,0.5259306406497831,0.3211603321081771,0.6977966373804124,200
middle_late_scale__svc__poly2,accuracy,0.7573943661971831,0.6619718309859155,0.8591549295774648,200
middle_late_scale__svc__poly2,balanced_accuracy,0.7591924603174602,0.6634920634920636,0.8595535714285715,200
middle_late_scale__svc__poly2,sensitivity,0.8868571428571431,0.7714285714285715,0.9714285714285714,200
middle_late_scale__svc__poly2,specificity,0.6315277777777778,0.4722222222222222,0.8055555555555556,200
middle_late_scale__svc__poly2,f1,0.7833127142613883,0.6986329935125116,0.8643874643874644,200
middle_late_scale__svc__poly2,roc_auc,0.8301468253968254,0.7336904761904761,0.9183333333333334,200
middle_late_scale__svc__poly2,pr_auc,0.8297683261802328,0.7243319298853179,0.9191958418113141,200
middle_late_scale__svc__poly2,mcc,0.5369852109161463,0.33450198554980365,0.7271765630675214,200
middle_late_scale__svc__poly3,accuracy,0.7578873239436619,0.6757042253521127,0.8591549295774648,200
middle_late_scale__svc__poly3,balanced_accuracy,0.7593035714285715,0.6766468253968254,0.8595436507936508,200
middle_late_scale__svc__poly3,sensitivity,0.859857142857143,0.7428571428571429,0.9714285714285714,200
middle_late_scale__svc__poly3,specificity,0.65875,0.5,0.8333333333333334,200
middle_late_scale__svc__poly3,f1,0.7782273716326336,0.6933076923076923,0.8612938596491229,200
middle_late_scale__svc__poly3,roc_auc,0.8379960317460317,0.7356150793650794,0.9278174603174603,200
middle_late_scale__svc__poly3,pr_auc,0.838726482015447,0.7347338106766846,0.9230521426950015,200
middle_late_scale__svc__poly3,mcc,0.5307083796757345,0.35625368233311727,0.719862752940084,200
middle_late_scale__svc__rbf,accuracy,0.7414084507042253,0.6338028169014085,0.8309859154929577,200
middle_late_scale__svc__rbf,balanced_accuracy,0.7430535714285713,0.6361111111111111,0.8329464285714285,200
middle_late_scale__svc__rbf,sensitivity,0.859857142857143,0.7428571428571429,0.9714285714285714,200
middle_late_scale__svc__rbf,specificity,0.62625,0.4722222222222222,0.7784722222222223,200
middle_late_scale__svc__rbf,f1,0.7666108169954324,0.6829268292682927,0.8493150684931506,200
middle_late_scale__svc__rbf,roc_auc,0.823642857142857,0.7117460317460318,0.9088095238095238,200
middle_late_scale__svc__rbf,pr_auc,0.8245290203102721,0.7163210410218189,0.9109882031037179,200
middle_late_scale__svc__rbf,mcc,0.5010256935327185,0.2877095631886382,0.6910568986538722,200
middle_late_scale__svc__sigmoid,accuracy,0.712394366197183,0.5915492957746479,0.8169014084507042,200
middle_late_scale__svc__sigmoid,balanced_accuracy,0.713625,0.593640873015873,0.8174603174603174,200
middle_late_scale__svc__sigmoid,sensitivity,0.8009999999999999,0.6571428571428571,0.9150000000000001,200
middle_late_scale__svc__sigmoid,specificity,0.62625,0.47152777777777777,0.7777777777777778,200
middle_late_scale__svc__sigmoid,f1,0.7329580434785709,0.6249594155844156,0.8221015703307718,200
middle_late_scale__svc__sigmoid,roc_auc,0.8015099206349205,0.695109126984127,0.8850595238095238,200
middle_late_scale__svc__sigmoid,pr_auc,0.767046598634407,0.6291671712315186,0.8885463910031607,200
middle_late_scale__svc__sigmoid,mcc,0.43579999771003974,0.19595548954117645,0.6366528221330359,200
sequential_interactions__lr__l2,accuracy,0.6880985915492956,0.5911971830985916,0.8028169014084507,200
sequential_interactions__lr__l2,balanced_accuracy,0.6881170634920636,0.5909226190476191,0.8027777777777778,200
sequential_interactions__lr__l2,sensitivity,0.6894285714285714,0.5428571428571428,0.8285714285714286,200
sequential_interactions__lr__l2,specificity,0.6868055555555556,0.5277777777777778,0.8333333333333334,200
sequential_interactions__lr__l2,f1,0.684752331842922,0.575747198007472,0.8,200
sequential_interactions__lr__l2,roc_auc,0.7588174603174602,0.6403968253968253,0.865952380952381,200
sequential_interactions__lr__l2,pr_auc,0.7078946942626035,0.5856877819151072,0.8372093032974384,200
sequential_interactions__lr__l2,mcc,0.3782796942957358,0.18198665741868497,0.6055555555555555,200
sequential_interactions__lr__l1,accuracy,0.6009154929577465,0.5066901408450705,0.704225352112676,200
sequential_interactions__lr__l1,balanced_accuracy,0.599390873015873,0.5036706349206349,0.7028075396825396,200
sequential_interactions__lr__l1,sensitivity,0.49114285714285716,0.3142857142857143,0.6292857142857144,200
sequential_interactions__lr__l1,specificity,0.7076388888888888,0.5555555555555556,0.8611111111111112,200
sequential_interactions__lr__l1,f1,0.5459057471548101,0.39285714285714285,0.6668918918918919,200
sequential_interactions__lr__l1,roc_auc,0.6995436507936507,0.580952380952381,0.813531746031746,200
sequential_interactions__lr__l1,pr_auc,0.6941339831570831,0.5896697731978854,0.8138208437168823,200
sequential_interactions__lr__l1,mcc,0.20512592131628865,0.008200399214791232,0.4151816657517058,200
sequential_interactions__lr__elasticnet,accuracy,0.657605633802817,0.5492957746478874,0.7605633802816901,200
sequential_interactions__lr__elasticnet,balanced_accuracy,0.6576249999999999,0.5496031746031746,0.760327380952381,200
sequential_interactions__lr__elasticnet,sensitivity,0.659,0.5142857142857142,0.8,200
sequential_interactions__lr__elasticnet,specificity,0.65625,0.5,0.8055555555555556,200
sequential_interactions__lr__elasticnet,f1,0.654122643355122,0.5427777777777777,0.7605633802816901,200
sequential_interactions__lr__elasticnet,roc_auc,0.7524007936507937,0.6411904761904761,0.862390873015873,200
sequential_interactions__lr__elasticnet,pr_auc,0.7087436502923856,0.5974808151076236,0.8400321045714271,200
sequential_interactions__lr__elasticnet,mcc,0.3169370288846282,0.0992851782606674,0.5214285714285715,200
sequential_interactions__svc__linear,accuracy,0.67,0.5633802816901409,0.7746478873239436,200
sequential_interactions__svc__linear,balanced_accuracy,0.6698194444444444,0.562688492063492,0.7738095238095238,200
sequential_interactions__svc__linear,sensitivity,0.6569999999999999,0.4857142857142857,0.8,200
sequential_interactions__svc__linear,specificity,0.6826388888888889,0.5277777777777778,0.8333333333333334,200
sequential_interactions__svc__linear,f1,0.6615456221297252,0.527698087431694,0.7672785388127854,200
sequential_interactions__svc__linear,roc_auc,0.7366150793650794,0.6205158730158731,0.842936507936508,200
sequential_interactions__svc__linear,pr_auc,0.6988635277239926,0.5809046923448244,0.8344781494872594,200
sequential_interactions__svc__linear,mcc,0.34161734516984327,0.12628631736036994,0.5522755927336469,200
sequential_interactions__svc__poly2,accuracy,0.6123239436619718,0.5066901408450705,0.718661971830986,200
sequential_interactions__svc__poly2,balanced_accuracy,0.610984126984127,0.5060218253968254,0.7185714285714286,200
sequential_interactions__svc__poly2,sensitivity,0.5158571428571429,0.37142857142857144,0.6857142857142857,200
sequential_interactions__svc__poly2,specificity,0.7061111111111111,0.5548611111111111,0.8333333333333334,200
sequential_interactions__svc__poly2,f1,0.5658061609740327,0.43636363636363634,0.6984126984126984,200
sequential_interactions__svc__poly2,roc_auc,0.6685555555555556,0.5285714285714286,0.7897619047619048,200
sequential_interactions__svc__poly2,pr_auc,0.6405504519511183,0.5200706708607046,0.7820414767687207,200
sequential_interactions__svc__poly2,mcc,0.22749954997209226,0.012102764182116726,0.4532482800857968,200
sequential_interactions__svc__poly3,accuracy,0.642605633802817,0.5352112676056338,0.7464788732394366,200
sequential_interactions__svc__poly3,balanced_accuracy,0.6412103174603174,0.5336904761904762,0.7456547619047619,200
sequential_interactions__svc__poly3,sensitivity,0.542142857142857,0.37142857142857144,0.7150000000000002,200
sequential_interactions__svc__poly3,specificity,0.7402777777777778,0.6104166666666667,0.8611111111111112,200
sequential_interactions__svc__poly3,f1,0.5970962436407166,0.4527163305139883,0.7301587301587301,200
sequential_interactions__svc__poly3,roc_auc,0.6853730158730158,0.5608928571428572,0.8055753968253968,200
sequential_interactions__svc__poly3,pr_auc,0.6530853441095562,0.5394595370105849,0.7822576923424045,200
sequential_interactions__svc__poly3,mcc,0.29013329454382136,0.07138862062404143,0.5098972306716134,200
sequential_interactions__svc__rbf,accuracy,0.6296478873239437,0.5070422535211268,0.7323943661971831,200
sequential_interactions__svc__rbf,balanced_accuracy,0.6296527777777778,0.5075396825396825,0.7325496031746033,200
sequential_interactions__svc__rbf,sensitivity,0.63,0.45714285714285713,0.7721428571428574,200
sequential_interactions__svc__rbf,specificity,0.6293055555555555,0.4444444444444444,0.7777777777777778,200
sequential_interactions__svc__rbf,f1,0.6251402238199713,0.5,0.7341772151898734,200
sequential_interactions__svc__rbf,roc_auc,0.6808611111111111,0.5491666666666667,0.8060019841269842,200
sequential_interactions__svc__rbf,pr_auc,0.6630164914144216,0.5296008402185894,0.8201384556081704,200
sequential_interactions__svc__rbf,mcc,0.2608360333913873,0.01511539706640975,0.46512703631814745,200
sequential_interactions__svc__sigmoid,accuracy,0.6485915492957747,0.5352112676056338,0.7464788732394366,200
sequential_interactions__svc__sigmoid,balanced_accuracy,0.6514821428571429,0.5388789682539683,0.7480357142857142,200
sequential_interactions__svc__sigmoid,sensitivity,0.8567142857142858,0.7428571428571429,0.9714285714285714,200
sequential_interactions__svc__sigmoid,specificity,0.44625,0.3055555555555556,0.5833333333333334,200
sequential_interactions__svc__sigmoid,f1,0.7061496562642985,0.6188655462184874,0.7804878048780488,200
sequential_interactions__svc__sigmoid,roc_auc,0.7602936507936507,0.6463492063492062,0.8686805555555556,200
sequential_interactions__svc__sigmoid,pr_auc,0.7468735982411357,0.6268067625634293,0.8691130300687717,200
sequential_interactions__svc__sigmoid,mcc,0.33308734058020517,0.09101661827710122,0.5259297262952658,200
all_plus_interactions__lr__l2,accuracy,0.7566901408450704,0.6616197183098592,0.8591549295774648,200
all_plus_interactions__lr__l2,balanced_accuracy,0.7580892857142857,0.6627281746031747,0.8603174603174604,200
all_plus_interactions__lr__l2,sensitivity,0.8574285714285714,0.7142857142857143,0.9714285714285714,200
all_plus_interactions__lr__l2,specificity,0.65875,0.5,0.8333333333333334,200
all_plus_interactions__lr__l2,f1,0.7767165629292662,0.6837719298245615,0.868421052631579,200
all_plus_interactions__lr__l2,roc_auc,0.8424087301587301,0.7546428571428572,0.9230753968253969,200
all_plus_interactions__lr__l2,pr_auc,0.830968682408419,0.7369715934042701,0.930864023808567,200
all_plus_interactions__lr__l2,mcc,0.5282303558085405,0.32932919984604847,0.7293702083039783,200
all_plus_interactions__lr__l1,accuracy,0.7423239436619719,0.6197183098591549,0.8450704225352113,200
all_plus_interactions__lr__l1,balanced_accuracy,0.7443015873015874,0.6222123015873016,0.8452678571428571,200
all_plus_interactions__lr__l1,sensitivity,0.8847142857142859,0.7428571428571429,0.9714285714285714,200
all_plus_interactions__lr__l1,specificity,0.6038888888888888,0.4444444444444444,0.7506944444444446,200
all_plus_interactions__lr__l1,f1,0.772233061574091,0.6666666666666666,0.8501785714285715,200
all_plus_interactions__lr__l1,roc_auc,0.814813492063492,0.7094246031746032,0.9063492063492063,200
all_plus_interactions__lr__l1,pr_auc,0.8097373569993451,0.6919065826510666,0.9132329913136638,200
all_plus_interactions__lr__l1,mcc,0.5103897278558682,0.26099184095908307,0.6913514008858433,200
all_plus_interactions__lr__elasticnet,accuracy,0.7422535211267605,0.6338028169014085,0.8309859154929577,200
all_plus_interactions__lr__elasticnet,balanced_accuracy,0.7442301587301587,0.6364880952380952,0.8325496031746031,200
all_plus_interactions__lr__elasticnet,sensitivity,0.8845714285714287,0.7714285714285715,0.9714285714285714,200
all_plus_interactions__lr__elasticnet,specificity,0.6038888888888888,0.4444444444444444,0.7506944444444446,200
all_plus_interactions__lr__elasticnet,f1,0.7722868044040782,0.6833306962025316,0.8462500000000001,200
all_plus_interactions__lr__elasticnet,roc_auc,0.8250119047619048,0.717281746031746,0.9056150793650793,200
all_plus_interactions__lr__elasticnet,pr_auc,0.8321169078825753,0.7306091854792706,0.9186576552127687,200
all_plus_interactions__lr__elasticnet,mcc,0.5098330063918352,0.29482703516360476,0.6806365069684752,200
all_plus_interactions__svc__linear,accuracy,0.7737323943661971,0.6619718309859155,0.8732394366197183,200
all_plus_interactions__svc__linear,balanced_accuracy,0.775656746031746,0.6654563492063492,0.8734126984126984,200
all_plus_interactions__svc__linear,sensitivity,0.9122857142857143,0.8,1.0,200
all_plus_interactions__svc__linear,specificity,0.6390277777777778,0.4722222222222222,0.8062500000000001,200
all_plus_interactions__svc__linear,f1,0.7995515998539598,0.7088607594936709,0.8732394366197183,200
all_plus_interactions__svc__linear,roc_auc,0.8317817460317459,0.746468253968254,0.9278174603174604,200
all_plus_interactions__svc__linear,pr_auc,0.8254663330180153,0.728846033108746,0.926294987541982,200
all_plus_interactions__svc__linear,mcc,0.574032162905128,0.3659193178779207,0.7468253968253968,200
all_plus_interactions__svc__poly2,accuracy,0.7852816901408451,0.6901408450704225,0.8732394366197183,200
all_plus_interactions__svc__poly2,balanced_accuracy,0.7870892857142857,0.692827380952381,0.8746130952380953,200
all_plus_interactions__svc__poly2,sensitivity,0.9154285714285715,0.8,1.0,200
all_plus_interactions__svc__poly2,specificity,0.65875,0.5,0.8333333333333334,200
all_plus_interactions__svc__poly2,f1,0.8084135152854242,0.7271631982475356,0.8831908597731383,200
all_plus_interactions__svc__poly2,roc_auc,0.842297619047619,0.7491071428571429,0.9310515873015872,200
all_plus_interactions__svc__poly2,pr_auc,0.8423128921274966,0.7491093537384592,0.9280044288690414,200
all_plus_interactions__svc__poly2,mcc,0.5949022270717553,0.4163838750092125,0.7622736919342187,200
all_plus_interactions__svc__poly3,accuracy,0.79943661971831,0.704225352112676,0.8873239436619719,200
all_plus_interactions__svc__poly3,balanced_accuracy,0.801047619047619,0.7063392857142856,0.8876984126984127,200
all_plus_interactions__svc__poly3,sensitivity,0.9154285714285715,0.8,1.0,200
all_plus_interactions__svc__poly3,specificity,0.6866666666666668,0.5548611111111111,0.8611111111111112,200
all_plus_interactions__svc__poly3,f1,0.8186962996106097,0.7367754830113258,0.8888888888888888,200
all_plus_interactions__svc__poly3,roc_auc,0.8387301587301588,0.7379761904761906,0.9278174603174604,200
all_plus_interactions__svc__poly3,pr_auc,0.8389104951442369,0.7362986080641108,0.9229355611474033,200
all_plus_interactions__svc__poly3,mcc,0.6195096226549606,0.43179092256596896,0.7760129532853765,200
all_plus_interactions__svc__rbf,accuracy,0.755,0.6612676056338028,0.8450704225352113,200
all_plus_interactions__svc__rbf,balanced_accuracy,0.7568412698412698,0.6627976190476191,0.846031746031746,200
all_plus_interactions__svc__rbf,sensitivity,0.8875714285714287,0.7714285714285715,0.9714285714285714,200
all_plus_interactions__svc__rbf,specificity,0.6261111111111111,0.47152777777777777,0.7777777777777778,200
all_plus_interactions__svc__rbf,f1,0.7817130484766668,0.691875,0.8533333333333334,200
all_plus_interactions__svc__rbf,roc_auc,0.8353015873015873,0.7293650793650794,0.9206547619047618,200
all_plus_interactions__svc__rbf,pr_auc,0.8355615496419371,0.72484457011631,0.9183009322159612,200
all_plus_interactions__svc__rbf,mcc,0.5331547382284311,0.3331813044193391,0.6976223242715708,200
all_plus_interactions__svc__sigmoid,accuracy,0.7419718309859156,0.647887323943662,0.8309859154929577,200
all_plus_interactions__svc__sigmoid,balanced_accuracy,0.7431765873015874,0.6488095238095238,0.8321527777777777,200
all_plus_interactions__svc__sigmoid,sensitivity,0.8287142857142858,0.7142857142857143,0.9428571428571428,200
all_plus_interactions__svc__sigmoid,specificity,0.6576388888888889,0.5,0.8055555555555556,200
all_plus_interactions__svc__sigmoid,f1,0.7600470144408186,0.6664473684210526,0.8421793921423276,200
all_plus_interactions__svc__sigmoid,roc_auc,0.8230714285714287,0.719781746031746,0.9024603174603175,200
all_plus_interactions__svc__sigmoid,pr_auc,0.8218275478395674,0.7177952854165967,0.9085048645970788,200
all_plus_interactions__svc__sigmoid,mcc,0.49555629449058175,0.3000096004608246,0.6725387710103485,200
stage_score_early_middle__lr__l2,accuracy,0.7576760563380281,0.6619718309859155,0.8454225352112676,200
stage_score_early_middle__lr__l2,balanced_accuracy,0.7590952380952382,0.6630952380952382,0.8475297619047619,200
stage_score_early_middle__lr__l2,sensitivity,0.859857142857143,0.7428571428571429,0.9714285714285714,200
stage_score_early_middle__lr__l2,specificity,0.6583333333333333,0.5,0.8055555555555556,200
stage_score_early_middle__lr__l2,f1,0.778033699269027,0.6911793372319688,0.8611882716049384,200
stage_score_early_middle__lr__l2,roc_auc,0.8103452380952381,0.7087301587301588,0.9040079365079366,200
stage_score_early_middle__lr__l2,pr_auc,0.7952558435747897,0.6782145297223099,0.9077713992481535,200
stage_score_early_middle__lr__l2,mcc,0.530087459981055,0.33014444450763775,0.7197108418765551,200
stage_score_middle_late__lr__l2,accuracy,0.7277464788732394,0.6334507042253522,0.8309859154929577,200
stage_score_middle_late__lr__l2,balanced_accuracy,0.7291626984126985,0.6337996031746032,0.8317460317460317,200
stage_score_middle_late__lr__l2,sensitivity,0.8297142857142857,0.6857142857142857,0.9428571428571428,200
stage_score_middle_late__lr__l2,specificity,0.6286111111111111,0.4722222222222222,0.7777777777777778,200
stage_score_middle_late__lr__l2,f1,0.7504771798547242,0.6493330993330994,0.8378378378378378,200
stage_score_middle_late__lr__l2,roc_auc,0.7968571428571428,0.6886507936507936,0.8944841269841269,200
stage_score_middle_late__lr__l2,pr_auc,0.7785890399517751,0.6713611866011503,0.8929483153732377,200
stage_score_middle_late__lr__l2,mcc,0.46924112851119,0.2679104846986958,0.6666742978806213,200
stage_score_early_late__lr__l2,accuracy,0.6861971830985917,0.5915492957746479,0.8028169014084507,200
stage_score_early_late__lr__l2,balanced_accuracy,0.6862261904761905,0.59125,0.8031746031746032,200
stage_score_early_late__lr__l2,sensitivity,0.6882857142857142,0.5707142857142857,0.8285714285714286,200
stage_score_early_late__lr__l2,specificity,0.6841666666666666,0.5555555555555556,0.8062500000000001,200
stage_score_early_late__lr__l2,f1,0.6828363709630005,0.5797101449275363,0.8055555555555556,200
stage_score_early_late__lr__l2,roc_auc,0.7412103174603175,0.629265873015873,0.8469246031746032,200
stage_score_early_late__lr__l2,pr_auc,0.7042733020468347,0.5840626674864525,0.8405445057959559,200
stage_score_early_late__lr__l2,mcc,0.37445781242668974,0.18268472799962804,0.6068310095291992,200
stage_score_three_stage__lr__l2,accuracy,0.7580985915492957,0.6616197183098592,0.8591549295774648,200
stage_score_three_stage__lr__l2,balanced_accuracy,0.7590932539682538,0.6627281746031747,0.8595337301587302,200
stage_score_three_stage__lr__l2,sensitivity,0.8297142857142857,0.6857142857142857,0.9428571428571428,200
stage_score_three_stage__lr__l2,specificity,0.6884722222222223,0.5277777777777778,0.8333333333333334,200
stage_score_three_stage__lr__l2,f1,0.7718421155409969,0.6835436193222784,0.861204954954955,200
stage_score_three_stage__lr__l2,roc_auc,0.7991349206349205,0.6968055555555556,0.8969444444444445,200
stage_score_three_stage__lr__l2,pr_auc,0.7852122960689307,0.6773603447524511,0.8905673346114366,200
stage_score_three_stage__lr__l2,mcc,0.5250492368609327,0.32932919984604847,0.7197108418765551,200
early_middle__mlp__small,accuracy,0.7548591549295774,0.6475352112676057,0.8591549295774648,200
early_middle__mlp__small,balanced_accuracy,0.7554980158730159,0.6473214285714285,0.859920634920635,200
early_middle__mlp__small,sensitivity,0.8008571428571429,0.6571428571428571,0.9142857142857143,200
early_middle__mlp__small,specificity,0.7101388888888889,0.5555555555555556,0.8333333333333334,200
early_middle__mlp__small,f1,0.7630934564344559,0.6664473684210526,0.8648648648648649,200
early_middle__mlp__small,roc_auc,0.8527619047619048,0.7474801587301586,0.9278769841269842,200
early_middle__mlp__small,pr_auc,0.8602811697616706,0.7661619114570766,0.93509289723946,200
early_middle__mlp__small,mcc,0.5150068660179369,0.295127741749433,0.7232937657628272,200
mlp_svc_late_calibrated__lr__l2,accuracy,0.7723943661971832,0.676056338028169,0.8591549295774648,200
mlp_svc_late_calibrated__lr__l2,balanced_accuracy,0.7739623015873015,0.6773611111111112,0.860327380952381,200
mlp_svc_late_calibrated__lr__l2,sensitivity,0.8852857142857143,0.7714285714285715,0.9714285714285714,200
mlp_svc_late_calibrated__lr__l2,specificity,0.6626388888888889,0.5277777777777778,0.8333333333333334,200
mlp_svc_late_calibrated__lr__l2,f1,0.7934775395180754,0.7012987012987013,0.8685053981106613,200
mlp_svc_late_calibrated__lr__l2,roc_auc,0.8226309523809523,0.7182539682539684,0.9167658730158731,200
mlp_svc_late_calibrated__lr__l2,pr_auc,0.7953212341201201,0.6885563066032108,0.9108929002640395,200
mlp_svc_late_calibrated__lr__l2,mcc,0.5633360097851354,0.36065644664353713,0.7295863356731247,200
