model_name,group,feature_block,mechanism_consistent,best_cv_score_grid,best_params,fit_seconds,cv_accuracy,cv_balanced_accuracy,cv_sensitivity,cv_specificity,cv_precision,cv_f1,cv_roc_auc,cv_pr_auc,cv_mcc,cv_log_loss,cv_brier,cv_tn,cv_fp,cv_fn,cv_tp,cv_threshold,cv_repeated_oof_available
middle__lr__elasticnet,single_stage_middle_moderate,middle,False,0.8977941176470589,"{""clf__C"": 1.0, ""clf__class_weight"": null, ""clf__l1_ratio"": 0.5}",121.67657351493835,0.8975903614457831,0.8988069256510985,0.8735632183908046,0.9240506329113924,0.926829268292683,0.8994082840236687,0.9553324603521024,0.9640928307143972,0.7967448959823357,0.2682383442931252,0.0846640574400231,73,6,11,76,0.5,True
middle_late__lr__elasticnet,two_stage_raw,middle_late,False,0.8977941176470589,"{""clf__C"": 1.0, ""clf__class_weight"": null, ""clf__l1_ratio"": 0.5}",116.13125133514404,0.8975903614457831,0.8988069256510985,0.8735632183908046,0.9240506329113924,0.926829268292683,0.8994082840236687,0.9551869634802852,0.9640566063564886,0.7967448959823357,0.269605231245109,0.08495646399074788,73,6,11,76,0.5,True
middle_late_scale__svc__poly2,sequential_scale,middle_late_scale,False,0.8926470588235293,"{""clf__C"": 1.0, ""clf__class_weight"": ""balanced"", ""clf__coef0"": 1.0, ""clf__gamma"": ""scale""}",5.916174411773682,0.8975903614457831,0.8982249381638294,0.8850574712643678,0.9113924050632911,0.9166666666666666,0.9005847953216374,0.9575149134293612,0.9633234421546861,0.7955821890929051,0.265415935709823,0.08371539108710853,72,7,10,77,0.5,True
stage_score_middle_late__lr__l2,stage_score_interaction,all,True,0.8926470588235293,"{""base_C"": 0.1, ""class_weight"": ""balanced"", ""meta_C"": 0.1}",3.2533836364746094,0.891566265060241,0.8936417867015859,0.8505747126436781,0.9367088607594937,0.9367088607594937,0.891566265060241,0.9499490760948639,0.9593522465056622,0.7872835734031718,0.3345722374272283,0.09799295369557319,74,5,13,74,0.5,True
all_plus_interactions__svc__linear,three_stage_full_interaction,all_plus_interactions,False,0.8919117647058823,"{""clf__C"": 0.1, ""clf__class_weight"": null}",2.3216466903686523,0.891566265060241,0.8918958242397789,0.8850574712643678,0.8987341772151899,0.9058823529411765,0.8953488372093024,0.9656627382511276,0.9679330368544807,0.7831083077668415,0.2395569476998102,0.07280571484654814,71,8,10,77,0.5,True
middle_late__svc__linear,two_stage_raw,middle_late,False,0.8919117647058823,"{""clf__C"": 0.1, ""clf__class_weight"": null}",1.1337394714355469,0.891566265060241,0.8913138367525097,0.896551724137931,0.8860759493670886,0.896551724137931,0.896551724137931,0.9594063727629856,0.9664724743310993,0.7826276735050196,0.26211682633138966,0.08078950375130618,70,9,9,78,0.5,True
sequential_interactions__svc__poly2,sequential_scale,sequential_interactions,False,0.8926470588235293,"{""clf__C"": 3.0, ""clf__class_weight"": null, ""clf__coef0"": 1.0, ""clf__gamma"": ""scale""}",2.02854585647583,0.891566265060241,0.8913138367525097,0.896551724137931,0.8860759493670886,0.896551724137931,0.896551724137931,0.951695038556671,0.9534684849418814,0.7826276735050196,0.28059104960372094,0.08629616400738008,70,9,9,78,0.5,True
middle__svc__linear,single_stage_middle_moderate,middle,False,0.8856617647058822,"{""clf__C"": 0.1, ""clf__class_weight"": null}",1.7596750259399414,0.891566265060241,0.8907318492652407,0.9080459770114943,0.8734177215189873,0.8876404494382022,0.8977272727272727,0.9611523352247926,0.9682730677638051,0.7826031912595808,0.2572289070436464,0.07923453187405,69,10,8,79,0.5,True
early_middle__lr__l2,two_stage_raw,early_middle,False,0.8860294117647058,"{""clf__C"": 1.0, ""clf__class_weight"": null}",1.3321902751922607,0.8855421686746988,0.8878946602648043,0.8390804597701149,0.9367088607594937,0.9358974358974359,0.8848484848484849,0.9672632038411174,0.9721259310698888,0.7762977570585919,0.2481619913801589,0.08114580650637311,74,5,14,73,0.5,True
early_middle_scale__lr__l2,sequential_scale,early_middle_scale,False,0.8860294117647058,"{""clf__C"": 1.0, ""clf__class_weight"": null}",1.689939260482788,0.8855421686746988,0.8878946602648043,0.8390804597701149,0.9367088607594937,0.9358974358974359,0.8848484848484849,0.9659537319947621,0.9704005176904568,0.7762977570585919,0.25116074663069127,0.08214530641613221,74,5,14,73,0.5,True
middle_late_scale__lr__l2,sequential_scale,middle_late_scale,False,0.8863970588235294,"{""clf__C"": 1.0, ""clf__class_weight"": null}",2.20215106010437,0.8855421686746988,0.8873126727775353,0.8505747126436781,0.9240506329113924,0.925,0.8862275449101796,0.9559144478393714,0.9633331670780122,0.7742311771423219,0.29660473751033434,0.0946208688112844,73,6,13,74,0.5,True
early_middle_scale__svc__sigmoid,sequential_scale,early_middle_scale,False,0.86875,"{""clf__C"": 1.0, ""clf__class_weight"": null, ""clf__coef0"": 0.0, ""clf__gamma"": ""scale""}",2.0859880447387695,0.8855421686746988,0.8861486978029973,0.8735632183908046,0.8987341772151899,0.9047619047619048,0.8888888888888888,0.9515495416848538,0.9537559854235593,0.7714560211372197,0.28955017634719094,0.08865383663567732,71,8,11,76,0.5,True
middle_late_scale__lr__elasticnet,sequential_scale,middle_late_scale,False,0.8863970588235294,"{""clf__C"": 0.1, ""clf__class_weight"": ""balanced"", ""clf__l1_ratio"": 0.5}",256.8656442165375,0.8855421686746988,0.8861486978029973,0.8735632183908046,0.8987341772151899,0.9047619047619048,0.8888888888888888,0.9432562199912702,0.9560023339101819,0.7714560211372197,0.3404910806421551,0.10177270097752807,71,8,11,76,0.5,True
early_middle_scale__svc__linear,sequential_scale,early_middle_scale,False,0.8852941176470587,"{""clf__C"": 0.1, ""clf__class_weight"": null}",1.4026458263397217,0.8855421686746988,0.8855667103157282,0.8850574712643678,0.8860759493670886,0.8953488372093024,0.8901734104046243,0.9675541975847519,0.9697760397266907,0.7707410290860831,0.2330379246726119,0.07059875905058523,70,9,10,77,0.5,True
sequential_interactions__svc__linear,sequential_scale,sequential_interactions,False,0.8930147058823529,"{""clf__C"": 0.1, ""clf__class_weight"": null}",1.3781120777130127,0.8855421686746988,0.8855667103157282,0.8850574712643678,0.8860759493670886,0.8953488372093024,0.8901734104046243,0.9566419321984578,0.9552547264195861,0.7707410290860831,0.2693276407486187,0.07917016735951672,70,9,10,77,0.5,True
all_plus_interactions__svc__poly2,three_stage_full_interaction,all_plus_interactions,False,0.8919117647058823,"{""clf__C"": 1.0, ""clf__class_weight"": null, ""clf__coef0"": 1.0, ""clf__gamma"": ""scale""}",3.8055427074432373,0.8855421686746988,0.8855667103157282,0.8850574712643678,0.8860759493670886,0.8953488372093024,0.8901734104046243,0.9634802851738689,0.9668340192812903,0.7707410290860831,0.24993633240811772,0.07810965752437586,70,9,10,77,0.5,True
middle__svc__poly2,single_stage_middle_moderate,middle,False,0.8922794117647058,"{""clf__C"": 1.0, ""clf__class_weight"": null, ""clf__coef0"": 1.0, ""clf__gamma"": ""scale""}",2.8452277183532715,0.8855421686746988,0.8849847228284592,0.896551724137931,0.8734177215189873,0.8863636363636364,0.8914285714285715,0.9575876618652699,0.963721367391419,0.7704740679583775,0.2649502126339513,0.08299132092034868,69,10,9,78,0.5,True
middle__lr__l2,single_stage_middle_moderate,middle,False,0.8808823529411764,"{""clf__C"": 0.03, ""clf__class_weight"": null}",1.2512562274932861,0.8795180722891566,0.8821475338280227,0.8275862068965517,0.9367088607594937,0.935064935064935,0.8780487804878049,0.9594063727629856,0.9660570700679648,0.7654095259144624,0.2867172751979896,0.09043726872275011,74,5,15,72,0.5,True
middle_late__lr__l2,two_stage_raw,middle_late,False,0.8808823529411764,"{""clf__C"": 0.03, ""clf__class_weight"": null}",1.7225143909454346,0.8795180722891566,0.8821475338280227,0.8275862068965517,0.9367088607594937,0.935064935064935,0.8780487804878049,0.9582423977884476,0.9652353686747144,0.7654095259144624,0.2883862541133051,0.09129773344333085,74,5,15,72,0.5,True
all__lr__l2,three_stage_raw,all,False,0.8801470588235294,"{""clf__C"": 0.1, ""clf__class_weight"": null}",1.5518312454223633,0.8795180722891566,0.8821475338280227,0.8275862068965517,0.9367088607594937,0.935064935064935,0.8780487804878049,0.9643532664047724,0.9687773063889813,0.7654095259144624,0.2508901880976665,0.0814314857376392,74,5,15,72,0.5,True
all_plus_interactions__lr__l2,three_stage_full_interaction,all_plus_interactions,False,0.8805147058823529,"{""clf__C"": 0.03, ""clf__class_weight"": null}",2.1769967079162598,0.8795180722891566,0.8815655463407537,0.8390804597701149,0.9240506329113924,0.9240506329113924,0.8795180722891566,0.9562054415830059,0.9604858287769774,0.7631310926815074,0.27126104612730034,0.08694726841451181,73,6,14,73,0.5,True
early_middle__svc__sigmoid,two_stage_raw,early_middle,False,0.8746323529411765,"{""clf__C"": 1.0, ""clf__class_weight"": null, ""clf__coef0"": 0.0, ""clf__gamma"": ""scale""}",2.9162991046905518,0.8795180722891566,0.8809835588534847,0.8505747126436781,0.9113924050632911,0.9135802469135802,0.8809523809523809,0.952859013531209,0.9555104561801774,0.761302804487646,0.2811993050965231,0.08734704079090837,72,7,13,74,0.5,True
all__svc__sigmoid,three_stage_raw,all,False,0.8746323529411765,"{""clf__C"": 1.0, ""clf__class_weight"": null, ""clf__coef0"": 0.0, ""clf__gamma"": ""scale""}",2.1971404552459717,0.8795180722891566,0.8809835588534847,0.8505747126436781,0.9113924050632911,0.9135802469135802,0.8809523809523809,0.9532955041466609,0.9560867414363875,0.761302804487646,0.28194421653454466,0.08744162204984728,72,7,13,74,0.5,True
all_plus_interactions__lr__l1,three_stage_full_interaction,all_plus_interactions,False,0.8805147058823529,"{""clf__C"": 1.0, ""clf__class_weight"": ""balanced""}",1.6047117710113525,0.8795180722891566,0.8809835588534847,0.8505747126436781,0.9113924050632911,0.9135802469135802,0.8809523809523809,0.9436927106067219,0.9516622828310782,0.761302804487646,0.3191023187516725,0.09277746129403204,72,7,13,74,0.5,True
early_middle__lr__elasticnet,two_stage_raw,early_middle,False,0.8801470588235294,"{""clf__C"": 1.0, ""clf__class_weight"": null, ""clf__l1_ratio"": 0.75}",139.45735931396484,0.8795180722891566,0.8798195838789467,0.8735632183908046,0.8860759493670886,0.8941176470588236,0.8837209302325582,0.9564964353266405,0.9641296643097174,0.7589768841378651,0.2653424283534206,0.08345472433875721,70,9,11,76,0.5,True
early_middle__svc__linear,two_stage_raw,early_middle,False,0.8915441176470587,"{""clf__C"": 0.1, ""clf__class_weight"": null}",2.098458766937256,0.8795180722891566,0.8798195838789467,0.8735632183908046,0.8860759493670886,0.8941176470588236,0.8837209302325582,0.9671177069693002,0.970040115073362,0.7589768841378651,0.2341869725105689,0.071525113563199,70,9,11,76,0.5,True
early_middle__svc__poly2,two_stage_raw,early_middle,False,0.8738970588235293,"{""clf__C"": 1.0, ""clf__class_weight"": null, ""clf__coef0"": 1.0, ""clf__gamma"": ""scale""}",3.128202199935913,0.8795180722891566,0.8798195838789467,0.8735632183908046,0.8860759493670886,0.8941176470588236,0.8837209302325582,0.969300160046559,0.9724109480042061,0.7589768841378651,0.23702776417744303,0.07410455948489524,70,9,11,76,0.5,True
all__lr__elasticnet,three_stage_raw,all,False,0.8801470588235294,"{""clf__C"": 1.0, ""clf__class_weight"": null, ""clf__l1_ratio"": 0.75}",139.34312558174133,0.8795180722891566,0.8798195838789467,0.8735632183908046,0.8860759493670886,0.8941176470588236,0.8837209302325582,0.9564964353266405,0.9641296643097174,0.7589768841378651,0.26531177978051107,0.08344644769331133,70,9,11,76,0.5,True
all__svc__linear,three_stage_raw,all,False,0.8852941176470587,"{""clf__C"": 0.1, ""clf__class_weight"": null}",1.7038755416870117,0.8795180722891566,0.8798195838789467,0.8735632183908046,0.8860759493670886,0.8941176470588236,0.8837209302325582,0.9655172413793103,0.968825227254789,0.7589768841378651,0.2365513607689401,0.07219643160506124,70,9,11,76,0.5,True
all__svc__poly2,three_stage_raw,all,False,0.8738970588235293,"{""clf__C"": 1.0, ""clf__class_weight"": null, ""clf__coef0"": 1.0, ""clf__gamma"": ""scale""}",2.3182640075683594,0.8795180722891566,0.8798195838789467,0.8735632183908046,0.8860759493670886,0.8941176470588236,0.8837209302325582,0.9682816819438382,0.9716184011885856,0.7589768841378651,0.23853205109953537,0.07457634603488227,70,9,11,76,0.5,True
early_middle_scale__lr__elasticnet,sequential_scale,early_middle_scale,False,0.8801470588235294,"{""clf__C"": 1.0, ""clf__class_weight"": null, ""clf__l1_ratio"": 0.75}",179.86094331741333,0.8795180722891566,0.8798195838789467,0.8735632183908046,0.8860759493670886,0.8941176470588236,0.8837209302325582,0.9564964353266405,0.9640733696980682,0.7589768841378651,0.2649691539032931,0.08332725471170813,70,9,11,76,0.5,True
early_middle_scale__svc__poly2,sequential_scale,early_middle_scale,False,0.8738970588235293,"{""clf__C"": 3.0, ""clf__class_weight"": null, ""clf__coef0"": 1.0, ""clf__gamma"": ""scale""}",1.9828524589538574,0.8795180722891566,0.8798195838789467,0.8735632183908046,0.8860759493670886,0.8941176470588236,0.8837209302325582,0.9665357194820311,0.9698154879251957,0.7589768841378651,0.242154479222899,0.07565962893745862,70,9,11,76,0.5,True
middle_late_scale__svc__linear,sequential_scale,middle_late_scale,False,0.8738970588235293,"{""clf__C"": 0.1, ""clf__class_weight"": null}",3.8561885356903076,0.8795180722891566,0.8798195838789467,0.8735632183908046,0.8860759493670886,0.8941176470588236,0.8837209302325582,0.9562054415830059,0.9646401381589182,0.7589768841378651,0.26497599089973123,0.08337107859221189,70,9,11,76,0.5,True
middle_late_scale__svc__poly3,sequential_scale,middle_late_scale,False,0.8507352941176471,"{""clf__C"": 1.0, ""clf__class_weight"": null, ""clf__coef0"": 1.0, ""clf__gamma"": ""scale""}",6.1114537715911865,0.8795180722891566,0.8798195838789467,0.8735632183908046,0.8860759493670886,0.8941176470588236,0.8837209302325582,0.9524225229157574,0.9576766260332106,0.7589768841378651,0.28199977394397513,0.09010856608264341,70,9,11,76,0.5,True
mlp_svc_late_calibrated__lr__l2,performance_corrected,all,True,0.8797794117647058,"{""class_weight"": null, ""late_C"": 0.03, ""meta_C"": 1.0}",10.505697250366211,0.8795180722891566,0.8798195838789467,0.8735632183908046,0.8860759493670886,0.8941176470588236,0.8837209302325582,0.9610068383529754,0.9517458015289526,0.7589768841378651,0.2671258573562144,0.08065404680178782,70,9,11,76,0.5,True
middle_late__svc__poly2,two_stage_raw,middle_late,False,0.8922794117647058,"{""clf__C"": 1.0, ""clf__class_weight"": null, ""clf__coef0"": 1.0, ""clf__gamma"": ""scale""}",1.7042770385742188,0.8795180722891566,0.8792375963916776,0.8850574712643678,0.8734177215189873,0.8850574712643678,0.8850574712643678,0.9569329259420922,0.9630893392232273,0.7584751927833552,0.26677878482118395,0.08363948219661048,69,10,10,77,0.5,True
stage_score_early_middle__lr__l2,stage_score_interaction,all,True,0.8746323529411765,"{""base_C"": 1.0, ""class_weight"": null, ""meta_C"": 1.0}",3.411048173904419,0.8734939759036144,0.875818419903972,0.8275862068965517,0.9240506329113924,0.9230769230769231,0.8727272727272727,0.9461661574276152,0.9573966066625751,0.7521294472927018,0.30751586220555016,0.09273743873339481,73,6,15,72,0.5,True
stage_score_three_stage__lr__l2,stage_score_interaction,all,True,0.8746323529411765,"{""base_C"": 1.0, ""class_weight"": null, ""meta_C"": 0.1}",3.4211323261260986,0.8734939759036144,0.875818419903972,0.8275862068965517,0.9240506329113924,0.9230769230769231,0.8727272727272727,0.9420922450167322,0.9481215495499746,0.7521294472927018,0.33347776793056616,0.09748607914140289,73,6,15,72,0.5,True
early_middle__lr__l1,two_stage_raw,early_middle,False,0.8742647058823529,"{""clf__C"": 1.0, ""clf__class_weight"": null}",0.9461121559143066,0.8734939759036144,0.875236432416703,0.8390804597701149,0.9113924050632911,0.9125,0.874251497005988,0.9455841699403463,0.9542535420231464,0.7500909864200032,0.3151977324353355,0.09153846224098308,72,7,14,73,0.5,True
all__lr__l1,three_stage_raw,all,False,0.8742647058823529,"{""clf__C"": 1.0, ""clf__class_weight"": null}",1.3735806941986084,0.8734939759036144,0.875236432416703,0.8390804597701149,0.9113924050632911,0.9125,0.874251497005988,0.946602648043067,0.9544794917409689,0.7500909864200032,0.3134812765428366,0.09162356377179376,72,7,14,73,0.5,True
early_middle_scale__lr__l1,sequential_scale,early_middle_scale,False,0.8742647058823529,"{""clf__C"": 1.0, ""clf__class_weight"": null}",1.320643424987793,0.8734939759036144,0.875236432416703,0.8390804597701149,0.9113924050632911,0.9125,0.874251497005988,0.945438673068529,0.9532215790236671,0.7500909864200032,0.3144832424931947,0.09202509680333974,72,7,14,73,0.5,True
sequential_interactions__lr__l2,sequential_scale,sequential_interactions,False,0.8746323529411765,"{""clf__C"": 1.0, ""clf__class_weight"": null}",1.9053199291229248,0.8734939759036144,0.874654444929434,0.8505747126436781,0.8987341772151899,0.9024390243902439,0.8757396449704142,0.9508220573257675,0.9529575870904327,0.7484925600709648,0.29052558563748315,0.08966716743168902,71,8,13,74,0.5,True
all_plus_interactions__svc__sigmoid,three_stage_full_interaction,all_plus_interactions,False,0.8680147058823529,"{""clf__C"": 1.0, ""clf__class_weight"": null, ""clf__coef0"": 0.0, ""clf__gamma"": ""scale""}",3.4999513626098633,0.8734939759036144,0.874654444929434,0.8505747126436781,0.8987341772151899,0.9024390243902439,0.8757396449704142,0.9512585479412193,0.9542308595468174,0.7484925600709648,0.2888020993538804,0.08976028975283332,71,8,13,74,0.5,True
middle_late__svc__sigmoid,two_stage_raw,middle_late,False,0.8805147058823529,"{""clf__C"": 1.0, ""clf__class_weight"": null, ""clf__coef0"": 0.0, ""clf__gamma"": ""scale""}",1.6853926181793213,0.8734939759036144,0.873490469954896,0.8735632183908046,0.8734177215189873,0.8837209302325582,0.8786127167630058,0.9409282700421941,0.9482002868314984,0.7466008383637642,0.3114829264563415,0.09807077712074164,69,10,11,76,0.5,True
all_plus_interactions__lr__elasticnet,three_stage_full_interaction,all_plus_interactions,False,0.8742647058823529,"{""clf__C"": 1.0, ""clf__class_weight"": ""balanced"", ""clf__l1_ratio"": 0.75}",330.58889412879944,0.8734939759036144,0.873490469954896,0.8735632183908046,0.8734177215189873,0.8837209302325582,0.8786127167630058,0.9566419321984578,0.9659256598581228,0.7466008383637642,0.26902165050821414,0.08432332987339937,69,10,11,76,0.5,True
middle__lr__l1,single_stage_middle_moderate,middle,False,0.8680147058823529,"{""clf__C"": 0.1, ""clf__class_weight"": ""balanced""}",0.8285617828369141,0.8674698795180723,0.8712352684417285,0.7931034482758621,0.9493670886075949,0.9452054794520548,0.8625,0.9356903826567728,0.9491446692156058,0.7470496937374939,0.3997081441875126,0.12081028030072695,75,4,18,69,0.5,True
middle_late__lr__l1,two_stage_raw,middle_late,False,0.8680147058823529,"{""clf__C"": 0.1, ""clf__class_weight"": ""balanced""}",1.334951400756836,0.8674698795180723,0.8712352684417285,0.7931034482758621,0.9493670886075949,0.9452054794520548,0.8625,0.9365633638876765,0.9499028227860822,0.7470496937374939,0.39946612161106,0.12069555814760276,75,4,18,69,0.5,True
middle__svc__poly3,single_stage_middle_moderate,middle,False,0.8683823529411765,"{""clf__C"": 1.0, ""clf__class_weight"": null, ""clf__coef0"": 1.0, ""clf__gamma"": ""scale""}",3.027252435684204,0.8674698795180723,0.8671613560308453,0.8735632183908046,0.8607594936708861,0.8735632183908046,0.8735632183908046,0.9514040448130365,0.9578152518957621,0.7343227120616906,0.2830751107311818,0.09040766945747192,68,11,11,76,0.5,True
middle__svc__sigmoid,single_stage_middle_moderate,middle,False,0.8805147058823529,"{""clf__C"": 1.0, ""clf__class_weight"": null, ""clf__coef0"": 0.0, ""clf__gamma"": ""scale""}",2.6848697662353516,0.8674698795180723,0.8671613560308453,0.8735632183908046,0.8607594936708861,0.8735632183908046,0.8735632183908046,0.9413647606576458,0.9487584086779608,0.7343227120616906,0.30978041726805333,0.09772420330100892,68,11,11,76,0.5,True
middle_late__svc__poly3,two_stage_raw,middle_late,False,0.8742647058823529,"{""clf__C"": 1.0, ""clf__class_weight"": null, ""clf__coef0"": 1.0, ""clf__gamma"": ""scale""}",1.761763095855713,0.8674698795180723,0.8671613560308453,0.8735632183908046,0.8607594936708861,0.8735632183908046,0.8735632183908046,0.9516950385566709,0.957854414056332,0.7343227120616906,0.2833171401469025,0.09039548396157324,68,11,11,76,0.5,True
sequential_interactions__lr__l1,sequential_scale,sequential_interactions,False,0.8683823529411765,"{""clf__C"": 0.1, ""clf__class_weight"": null}",1.5282924175262451,0.8674698795180723,0.8671613560308453,0.8735632183908046,0.8607594936708861,0.8735632183908046,0.8735632183908046,0.9404917794267423,0.9546381884263638,0.7343227120616906,0.38034473289723536,0.11388573205448232,68,11,11,76,0.5,True
all_plus_interactions__svc__poly3,three_stage_full_interaction,all_plus_interactions,False,0.8735294117647058,"{""clf__C"": 1.0, ""clf__class_weight"": null, ""clf__coef0"": 1.0, ""clf__gamma"": ""scale""}",3.79184627532959,0.8674698795180723,0.8671613560308453,0.8735632183908046,0.8607594936708861,0.8735632183908046,0.8735632183908046,0.9519132838643969,0.9576062631441302,0.7343227120616906,0.2780881968669724,0.08898504703330386,68,11,11,76,0.5,True
middle_late_scale__svc__sigmoid,sequential_scale,middle_late_scale,False,0.8680147058823529,"{""clf__C"": 1.0, ""clf__class_weight"": null, ""clf__coef0"": 0.0, ""clf__gamma"": ""scale""}",5.322476863861084,0.8674698795180723,0.8665793685435763,0.8850574712643678,0.8481012658227848,0.8651685393258427,0.875,0.9406372762985596,0.9476925668944568,0.7342277938478918,0.3117061572166092,0.09883449948228609,67,12,10,77,0.5,True
middle_late_scale__lr__l1,sequential_scale,middle_late_scale,False,0.8621323529411764,"{""clf__C"": 1.0, ""clf__class_weight"": null}",2.2545812129974365,0.8614457831325302,0.8625782045686017,0.8390804597701149,0.8860759493670886,0.8902439024390244,0.863905325443787,0.9295795140404483,0.9433901640000957,0.7243663921152793,0.3689390177080834,0.10552878296325664,70,9,14,73,0.5,True
sequential_interactions__svc__poly3,sequential_scale,sequential_interactions,False,0.8680147058823529,"{""clf__C"": 1.0, ""clf__class_weight"": null, ""clf__coef0"": 1.0, ""clf__gamma"": ""scale""}",2.0176610946655273,0.8614457831325302,0.8619962170813327,0.8505747126436781,0.8734177215189873,0.8809523809523809,0.8654970760233918,0.9423832387603666,0.9463411313277739,0.7232036852258487,0.3045684397547812,0.09663359374953567,69,10,13,74,0.5,True
middle_late_scale__svc__rbf,sequential_scale,middle_late_scale,False,0.8621323529411764,"{""clf__C"": 3.0, ""clf__class_weight"": null, ""clf__gamma"": ""scale""}",6.959723711013794,0.8614457831325302,0.8614142295940637,0.8620689655172413,0.8607594936708861,0.872093023255814,0.8670520231213873,0.9339444201949659,0.941902266747135,0.7224606476414455,0.32297064534763026,0.10381766266172315,68,11,12,75,0.5,True
early_middle__svc__poly3,two_stage_raw,early_middle,False,0.8797794117647058,"{""clf__C"": 1.0, ""clf__class_weight"": null, ""clf__coef0"": 1.0, ""clf__gamma"": ""scale""}",3.4884402751922607,0.8614457831325302,0.8608322421067947,0.8735632183908046,0.8481012658227848,0.8636363636363636,0.8685714285714285,0.9580969009166304,0.9625722324643358,0.7221374484265971,0.26537478953328625,0.08415536796615967,67,12,11,76,0.5,True
early_middle__svc__rbf,two_stage_raw,early_middle,False,0.8375,"{""clf__C"": 3.0, ""clf__class_weight"": null, ""clf__gamma"": ""scale""}",3.7118630409240723,0.8554216867469879,0.8545031281827441,0.8735632183908046,0.8354430379746836,0.8539325842696629,0.8636363636363636,0.9413647606576458,0.9493696438477235,0.7100400951420475,0.30778208593822504,0.09935140741365885,66,13,11,76,0.5,True
all__svc__poly3,three_stage_raw,all,False,0.8797794117647058,"{""clf__C"": 1.0, ""clf__class_weight"": null, ""clf__coef0"": 1.0, ""clf__gamma"": ""scale""}",2.27954363822937,0.8554216867469879,0.8545031281827441,0.8735632183908046,0.8354430379746836,0.8539325842696629,0.8636363636363636,0.9576604103011785,0.9620799038162379,0.7100400951420475,0.266492650961066,0.08443052634407953,66,13,11,76,0.5,True
all__svc__rbf,three_stage_raw,all,False,0.84375,"{""clf__C"": 3.0, ""clf__class_weight"": null, ""clf__gamma"": ""scale""}",2.3586559295654297,0.8554216867469879,0.8545031281827441,0.8735632183908046,0.8354430379746836,0.8539325842696629,0.8636363636363636,0.9410737669140113,0.9492354961383712,0.7100400951420475,0.30894334656642203,0.09980057560208912,66,13,11,76,0.5,True
early_middle_scale__svc__poly3,sequential_scale,early_middle_scale,False,0.8738970588235293,"{""clf__C"": 1.0, ""clf__class_weight"": null, ""clf__coef0"": 1.0, ""clf__gamma"": ""scale""}",2.6060309410095215,0.8554216867469879,0.8545031281827441,0.8735632183908046,0.8354430379746836,0.8539325842696629,0.8636363636363636,0.9544594791211989,0.959792401960259,0.7100400951420475,0.27487109572085283,0.08791967603959318,66,13,11,76,0.5,True
sequential_interactions__lr__elasticnet,sequential_scale,sequential_interactions,False,0.85625,"{""clf__C"": 0.1, ""clf__class_weight"": ""balanced"", ""clf__l1_ratio"": 0.5}",135.37069725990295,0.8554216867469879,0.8545031281827441,0.8735632183908046,0.8354430379746836,0.8539325842696629,0.8636363636363636,0.9303069983995345,0.9417810356802783,0.7100400951420475,0.36599824603040537,0.1130683569468486,66,13,11,76,0.5,True
all_plus_interactions__svc__rbf,three_stage_full_interaction,all_plus_interactions,False,0.8319852941176471,"{""clf__C"": 3.0, ""clf__class_weight"": null, ""clf__gamma"": ""scale""}",4.414389371871948,0.8433734939759037,0.8424268878219119,0.8620689655172413,0.8227848101265823,0.8426966292134831,0.8522727272727273,0.9376545904263058,0.9475921579242931,0.685852396436203,0.31466368591484917,0.10236963952404021,65,14,12,75,0.5,True
sequential_interactions__svc__rbf,sequential_scale,sequential_interactions,False,0.8323529411764706,"{""clf__C"": 3.0, ""clf__class_weight"": null, ""clf__gamma"": ""scale""}",2.2714178562164307,0.8313253012048193,0.8320966099228866,0.8160919540229885,0.8481012658227848,0.8554216867469879,0.8352941176470589,0.9300160046558998,0.9421236876111404,0.6634214627574233,0.3332987758604862,0.10865293624906087,67,12,16,71,0.5,True
middle_late__svc__rbf,two_stage_raw,middle_late,False,0.8264705882352941,"{""clf__C"": 3.0, ""clf__class_weight"": null, ""clf__gamma"": ""scale""}",1.9965524673461914,0.8313253012048193,0.8297686599738106,0.8620689655172413,0.7974683544303798,0.8241758241758241,0.8426966292134831,0.9335806780154227,0.9405065626883063,0.6618525085326228,0.3258523317311586,0.10515221555675222,63,16,12,75,0.5,True
middle__svc__rbf,single_stage_middle_moderate,middle,False,0.8264705882352941,"{""clf__C"": 3.0, ""clf__class_weight"": null, ""clf__gamma"": ""scale""}",3.032679796218872,0.8253012048192772,0.8240215335370289,0.8505747126436781,0.7974683544303798,0.8222222222222222,0.8361581920903954,0.9343809108104175,0.9409832829114957,0.649604447880267,0.32477249876638725,0.1047695531066515,63,16,13,74,0.5,True
early_middle_scale__svc__rbf,sequential_scale,early_middle_scale,False,0.8319852941176471,"{""clf__C"": 3.0, ""clf__class_weight"": null, ""clf__gamma"": ""scale""}",3.265296459197998,0.8253012048192772,0.8234395460497599,0.8620689655172413,0.7848101265822784,0.8152173913043478,0.8379888268156425,0.9387458169649352,0.9474564821156173,0.6499598246956045,0.31233361690565026,0.10135333007341601,62,17,12,75,0.5,True
sequential_interactions__svc__sigmoid,sequential_scale,sequential_interactions,False,0.8198529411764707,"{""clf__C"": 1.0, ""clf__class_weight"": null, ""clf__coef0"": 0.0, ""clf__gamma"": ""scale""}",1.7890839576721191,0.8192771084337349,0.8188563945875164,0.8275862068965517,0.810126582278481,0.8275862068965517,0.8275862068965517,0.9225956641932199,0.9209872765359699,0.6377127891750327,0.357427878393486,0.11349332701810894,64,15,15,72,0.5,True
early_middle__mlp__small,performance_anchor,early_middle,False,0.7834558823529412,"{""clf__alpha"": 0.001, ""clf__hidden_layer_sizes"": [32], ""clf__learning_rate_init"": 0.001}",1.480316162109375,0.7831325301204819,0.7855376109413648,0.735632183908046,0.8354430379746836,0.8311688311688312,0.7804878048780488,0.8920413211115961,0.9010009708990472,0.571907936267707,0.4223938138771265,0.1422154090071773,66,13,23,64,0.5,True
early_late__svc__poly3,two_stage_raw,early_late,False,0.7540441176470589,"{""clf__C"": 0.1, ""clf__class_weight"": ""balanced"", ""clf__coef0"": 1.0, ""clf__gamma"": ""scale""}",0.5846636295318604,0.7831325301204819,0.7797177360686744,0.8505747126436781,0.7088607594936709,0.7628865979381443,0.8043478260869565,0.8323876036665212,0.7988225920109433,0.5669082271848935,0.48360327640356265,0.16068548073803823,56,23,13,74,0.5,True
early__lr__elasticnet,single_stage_early_mild,early,False,0.7779411764705882,"{""clf__C"": 0.03, ""clf__class_weight"": null, ""clf__l1_ratio"": 0.25}",1.0804955959320068,0.7771084337349398,0.7739706096318929,0.8390804597701149,0.7088607594936709,0.7604166666666666,0.7978142076502732,0.8270042194092827,0.7581168367698146,0.5541438365885522,0.531175418395447,0.1739312989313681,56,23,14,73,0.5,True
early__svc__poly3,single_stage_early_mild,early,False,0.7602941176470589,"{""clf__C"": 0.1, ""clf__class_weight"": null, ""clf__coef0"": 1.0, ""clf__gamma"": ""scale""}",0.5403194427490234,0.7771084337349398,0.7733886221446239,0.8505747126436781,0.6962025316455697,0.7551020408163265,0.8,0.8254037538192929,0.7515440617732582,0.5552852143480487,0.48895023532902293,0.16169650871857225,55,24,13,74,0.5,True
early_late__svc__poly2,two_stage_raw,early_late,False,0.7772058823529411,"{""clf__C"": 0.1, ""clf__class_weight"": ""balanced"", ""clf__coef0"": 1.0, ""clf__gamma"": ""scale""}",0.5484764575958252,0.7771084337349398,0.7733886221446239,0.8505747126436781,0.6962025316455697,0.7551020408163265,0.8,0.8289684271788157,0.7701377465135404,0.5552852143480487,0.49277805171135985,0.16075247223437314,55,24,13,74,0.5,True
early_late__lr__elasticnet,two_stage_raw,early_late,False,0.7713235294117646,"{""clf__C"": 0.03, ""clf__class_weight"": ""balanced"", ""clf__l1_ratio"": 0.25}",1.237992286682129,0.7710843373493976,0.7699694456569184,0.7931034482758621,0.7468354430379747,0.7752808988764045,0.7840909090909091,0.8256947475629275,0.7631245729969316,0.5407262042011365,0.5331289054510999,0.17554124053735062,59,20,18,69,0.5,True
early__svc__sigmoid,single_stage_early_mild,early,False,0.7779411764705882,"{""clf__C"": 0.1, ""clf__class_weight"": ""balanced"", ""clf__coef0"": 0.0, ""clf__gamma"": ""scale""}",0.5802667140960693,0.7710843373493976,0.7693874581696494,0.8045977011494253,0.7341772151898734,0.7692307692307693,0.7865168539325843,0.8322421067947039,0.7729096904945908,0.5406661899616815,0.5201060637432781,0.16634042967716112,58,21,17,70,0.5,True
early__svc__poly2,single_stage_early_mild,early,False,0.7775735294117647,"{""clf__C"": 0.1, ""clf__class_weight"": ""balanced"", ""clf__coef0"": 1.0, ""clf__gamma"": ""scale""}",0.5044357776641846,0.7710843373493976,0.7676414957078423,0.8390804597701149,0.6962025316455697,0.7525773195876289,0.7934782608695652,0.8319511130510694,0.7572138049595946,0.5424331255691088,0.4908153326209551,0.1596465352188698,55,24,14,73,0.5,True
early__lr__l1,single_stage_early_mild,early,False,0.7599264705882354,"{""clf__C"": 0.1, ""clf__class_weight"": null}",0.2731509208679199,0.7590361445783133,0.7584751927833551,0.7701149425287356,0.7468354430379747,0.7701149425287356,0.7701149425287356,0.8003782918667248,0.7461308148135556,0.5169503855667104,0.548009300469098,0.1828123893581198,59,20,20,67,0.5,True
early_late__svc__sigmoid,two_stage_raw,early_late,False,0.7599264705882354,"{""clf__C"": 0.1, ""clf__class_weight"": ""balanced"", ""clf__coef0"": 0.0, ""clf__gamma"": ""scale""}",0.5686311721801758,0.7590361445783133,0.7584751927833551,0.7701149425287356,0.7468354430379747,0.7701149425287356,0.7701149425287356,0.8268587225374654,0.7588356297507057,0.5169503855667104,0.5254293277453594,0.16909480176370564,59,20,20,67,0.5,True
early__lr__l2,single_stage_early_mild,early,False,0.7595588235294117,"{""clf__C"": 0.03, ""clf__class_weight"": ""balanced""}",7.216494798660278,0.7590361445783133,0.756729230321548,0.8045977011494253,0.7088607594936709,0.7526881720430108,0.7777777777777778,0.8195838789466027,0.7421007561974967,0.5166251948264973,0.5281070004278906,0.1709257378768736,56,23,17,70,0.5,True
early__svc__rbf,single_stage_early_mild,early,False,0.7713235294117646,"{""clf__C"": 1.0, ""clf__class_weight"": ""balanced"", ""clf__gamma"": ""scale""}",0.7030956745147705,0.7590361445783133,0.756147242834279,0.8160919540229885,0.6962025316455697,0.7473684210526316,0.7802197802197802,0.8190018914593336,0.7652922408593898,0.5171325518765736,0.5113824036103313,0.1678651284638316,55,24,16,71,0.5,True
early_late__lr__l1,two_stage_raw,early_late,False,0.7536764705882353,"{""clf__C"": 0.1, ""clf__class_weight"": null}",0.22611069679260254,0.7530120481927711,0.7521460788593045,0.7701149425287356,0.7341772151898734,0.7613636363636364,0.7657142857142857,0.797613851302197,0.7472943979460388,0.5046226605335858,0.5498118392366883,0.18373704962348067,58,21,20,67,0.5,True
early_late__svc__rbf,two_stage_raw,early_late,False,0.7536764705882353,"{""clf__C"": 0.1, ""clf__class_weight"": ""balanced"", ""clf__gamma"": ""scale""}",0.626286506652832,0.7530120481927711,0.7521460788593045,0.7701149425287356,0.7341772151898734,0.7613636363636364,0.7657142857142857,0.8174741743052524,0.784724640362995,0.5046226605335858,0.5437444850753398,0.1799720869683248,58,21,20,67,0.5,True
stage_score_early_late__lr__l2,stage_score_interaction,all,True,0.7536764705882353,"{""base_C"": 0.03, ""class_weight"": null, ""meta_C"": 1.0}",3.209764003753662,0.7530120481927711,0.7498181289102284,0.8160919540229885,0.6835443037974683,0.7395833333333334,0.7759562841530054,0.8184199039720645,0.7505029060067756,0.5052920697942347,0.5093001881287889,0.1670068793405365,54,25,16,71,0.5,True
early_late__lr__l2,two_stage_raw,early_late,False,0.7474264705882353,"{""clf__C"": 0.03, ""clf__class_weight"": null}",0.20809173583984375,0.7469879518072289,0.7446529899607159,0.7931034482758621,0.6962025316455697,0.7419354838709677,0.7666666666666667,0.8115815509966536,0.7410394999683044,0.49232375466180517,0.5307156714929125,0.1728652229596226,55,24,18,69,0.5,True
stage_activation_summary__svc__rbf,interaction_summary_only,stage_activation_summary,False,0.7477941176470588,"{""clf__C"": 1.0, ""clf__class_weight"": null, ""clf__gamma"": ""scale""}",0.4767441749572754,0.7469879518072289,0.7434890149861778,0.8160919540229885,0.6708860759493671,0.7319587628865979,0.7717391304347826,0.7279935981376401,0.6614361885896755,0.4934829223375393,0.6062372250621755,0.20470920693160546,53,26,16,71,0.5,True
stage_activation_summary__svc__poly2,interaction_summary_only,stage_activation_summary,False,0.7470588235294118,"{""clf__C"": 0.1, ""clf__class_weight"": ""balanced"", ""clf__coef0"": 1.0, ""clf__gamma"": ""scale""}",0.45052576065063477,0.7469879518072289,0.7423250400116397,0.8390804597701149,0.6455696202531646,0.7227722772277227,0.776595744680851,0.7311945293176196,0.6707202428781869,0.49588856703405315,0.6104317876696554,0.20973052225710984,51,28,14,73,0.5,True
early__svc__linear,single_stage_early_mild,early,False,0.7485294117647059,"{""clf__C"": 3.0, ""clf__class_weight"": null}",1.251039981842041,0.7409638554216867,0.7371599010621271,0.8160919540229885,0.6582278481012658,0.7244897959183674,0.7675675675675676,0.7206460061108685,0.6477280181106827,0.4817003189927192,0.6279478682636106,0.21458466626211486,52,27,16,71,0.5,True
stage_activation_summary__svc__poly3,interaction_summary_only,stage_activation_summary,False,0.7599264705882354,"{""clf__C"": 1.0, ""clf__class_weight"": null, ""clf__coef0"": 1.0, ""clf__gamma"": ""scale""}",0.5067603588104248,0.7349397590361446,0.7285028371890003,0.8620689655172413,0.5949367088607594,0.7009345794392523,0.7731958762886598,0.722901207624036,0.6518768607483159,0.4768446010162464,0.6381373245511343,0.21911675218200602,47,32,12,75,0.5,True
early_late__svc__linear,two_stage_raw,early_late,False,0.7125,"{""clf__C"": 0.1, ""clf__class_weight"": null}",0.5431175231933594,0.7228915662650602,0.7187545467772443,0.8045977011494253,0.6329113924050633,0.7070707070707071,0.7526881720430108,0.7800087298123091,0.7281300890410625,0.44535389761747185,0.5650218632354551,0.18814030491361622,50,29,17,70,0.5,True
stage_activation_summary__lr__l2,interaction_summary_only,stage_activation_summary,False,0.7110294117647058,"{""clf__C"": 0.1, ""clf__class_weight"": ""balanced""}",0.24661922454833984,0.7108433734939759,0.7130801687763713,0.6666666666666666,0.759493670886076,0.7532467532467533,0.7073170731707317,0.7378873854212133,0.6839267799591121,0.42678174403264046,0.6231674470965061,0.21572747062665487,60,19,29,58,0.5,True
stage_activation_summary__lr__l1,interaction_summary_only,stage_activation_summary,False,0.6985294117647058,"{""clf__C"": 1.0, ""clf__class_weight"": ""balanced""}",0.21791911125183105,0.6987951807228916,0.699257965953732,0.6896551724137931,0.7088607594936709,0.7228915662650602,0.7058823529411765,0.7272661137785537,0.6701664574789399,0.39805287765445396,0.6225047250137499,0.21474758556064663,56,23,27,60,0.5,True
stage_activation_summary__lr__elasticnet,interaction_summary_only,stage_activation_summary,False,0.6985294117647058,"{""clf__C"": 1.0, ""clf__class_weight"": ""balanced"", ""clf__l1_ratio"": 0.25}",0.4512465000152588,0.6987951807228916,0.699257965953732,0.6896551724137931,0.7088607594936709,0.7228915662650602,0.7058823529411765,0.7306125418303506,0.6662617274136767,0.39805287765445396,0.6228520462165996,0.21463619323810468,56,23,27,60,0.5,True
stage_activation_summary__svc__sigmoid,interaction_summary_only,stage_activation_summary,False,0.6992647058823529,"{""clf__C"": 0.1, ""clf__class_weight"": null, ""clf__coef0"": 0.0, ""clf__gamma"": ""scale""}",0.4129819869995117,0.6927710843373494,0.6865269896697221,0.8160919540229885,0.5569620253164557,0.6698113207547169,0.7357512953367875,0.7442892477811727,0.6949653423089872,0.38780757787460896,0.6200269912574697,0.21394981959532475,44,35,16,71,0.5,True
stage_activation_summary__svc__linear,interaction_summary_only,stage_activation_summary,False,0.6933823529411764,"{""clf__C"": 1.0, ""clf__class_weight"": ""balanced""}",0.29446911811828613,0.6867469879518072,0.6842717881565547,0.735632183908046,0.6329113924050633,0.6881720430107527,0.7111111111111111,0.7214462389058636,0.6485412734580256,0.3708165538383445,0.6271563595157815,0.21666529763530482,50,29,23,64,0.5,True
late__svc__poly3,single_stage_late_severe,late,False,0.6753676470588236,"{""clf__C"": 0.1, ""clf__class_weight"": ""balanced"", ""clf__coef0"": 1.0, ""clf__gamma"": ""scale""}",0.4301028251647949,0.6807228915662651,0.6709588243852758,0.8735632183908046,0.46835443037974683,0.6440677966101694,0.7414634146341463,0.6461516077404336,0.5950265528502499,0.3766457471185989,0.6304914986528163,0.2198149511399449,37,42,11,76,0.5,True
late__lr__elasticnet,single_stage_late_severe,late,False,0.6625,"{""clf__C"": 0.03, ""clf__class_weight"": ""balanced"", ""clf__l1_ratio"": 0.5}",0.4642617702484131,0.6626506024096386,0.6595373199476211,0.7241379310344828,0.5949367088607594,0.6631578947368421,0.6923076923076923,0.6820165866433872,0.6330430706676591,0.3220879540656989,0.6683553220791156,0.23764857375977913,47,32,24,63,0.5,True
late__svc__sigmoid,single_stage_late_severe,late,False,0.6503676470588236,"{""clf__C"": 0.1, ""clf__class_weight"": null, ""clf__coef0"": 0.0, ""clf__gamma"": ""scale""}",0.46127748489379883,0.6626506024096386,0.6583733449730831,0.7471264367816092,0.569620253164557,0.6565656565656566,0.6989247311827957,0.6926378582860468,0.6565108560113706,0.3224261506861444,0.6363608032062273,0.22184532250417863,45,34,22,65,0.5,True
late__svc__poly2,single_stage_late_severe,late,False,0.6639705882352941,"{""clf__C"": 1.0, ""clf__class_weight"": ""balanced"", ""clf__coef0"": 1.0, ""clf__gamma"": ""scale""}",0.4518129825592041,0.6626506024096386,0.6537174450749309,0.8390804597701149,0.46835443037974683,0.6347826086956522,0.7227722772277227,0.6326931470973374,0.6034614991111904,0.3328068962021415,0.6453323506683862,0.22657701408783293,37,42,14,73,0.5,True
late__svc__rbf,single_stage_late_severe,late,False,0.6757352941176471,"{""clf__C"": 0.1, ""clf__class_weight"": ""balanced"", ""clf__gamma"": ""scale""}",0.4609034061431885,0.6626506024096386,0.6496435326640477,0.9195402298850575,0.379746835443038,0.6201550387596899,0.7407407407407407,0.6310199330714389,0.5792059114130879,0.3591413431708811,0.6694938530228052,0.2377077044252572,30,49,7,80,0.5,True
late__lr__l2,single_stage_late_severe,late,False,0.65625,"{""clf__C"": 0.03, ""clf__class_weight"": null}",0.22042608261108398,0.6566265060240963,0.6549541684853776,0.6896551724137931,0.620253164556962,0.6666666666666666,0.6779661016949152,0.6903826567728794,0.6548702046673999,0.31065502334642314,0.6286828689749888,0.21940111857776567,49,30,27,60,0.5,True
late__lr__l1,single_stage_late_severe,late,False,0.64375,"{""clf__C"": 1.0, ""clf__class_weight"": ""balanced""}",0.23006939888000488,0.6445783132530121,0.6463698530481594,0.6091954022988506,0.6835443037974683,0.6794871794871795,0.6424242424242425,0.6746689946166157,0.6572964226133867,0.292931561740789,0.6297289854696856,0.22031171967218036,54,25,34,53,0.5,True
late__svc__linear,single_stage_late_severe,late,False,0.6441176470588236,"{""clf__C"": 0.1, ""clf__class_weight"": ""balanced""}",0.322418212890625,0.6385542168674698,0.6371308016877637,0.6666666666666666,0.6075949367088608,0.651685393258427,0.6590909090909091,0.6948930597992143,0.6819505527222441,0.27466151843684783,0.6282167256384668,0.21917024560174175,48,31,29,58,0.5,True
